Keyword,Channel ID,Channel Title,Description
fitness workout routine,UCsLF0qPTpkYKq81HsjgzhwQ,growingannanas,
fitness workout routine,UCE2hIKMrB6Heg3b53NcoeLQ,Joe Delaney,Try my training app (Free Trial) https://www.pushapp.co.uk Supplements I Use: https://vilgain.co.uk/joe □ Training Programs: ...
fitness workout routine,UCsLF0qPTpkYKq81HsjgzhwQ,growingannanas,
fitness workout routine,UCpQ34afVgk8cRQBjSJ1xuJQ,MadFit,These are 3 exercises that I LOVE to include in my workouts to help build strength and tone the core. #fitness #homeworkout ...
fitness workout routine,UCenRMCEExYDXZrfqDn6uRhw,Shulk,Try it out for yourself!
fitness workout routine,UCfQgsKhHjSyRLOp9mnffqVg,Renaissance Periodization,The UPDATED RP HYPERTROPHY APP: https://rpstrength.com/hyped Become an RP channel member and get instant access to ...
fitness workout routine,UC68TLK0mAEzUyHx5x5k-S1Q,Jeff Nippard,Check out my full 10-week Pure Bodybuilding Program! 20% off for launch week: https://jeffnippard.com This video shows one ...
fitness workout routine,UCanGaUp9luSTbqkCh9zVUIQ,Workout Health and Fitness,"Two Body Parts Per day, Full Week Gym Workout Plan | Perfect Plan for Best Results | Symmetrical Development | 4 Day Workout ..."
fitness workout routine,UC8Av1tO-ha143nNYzxmf1Fg,Pierre Dalati,
fitness workout routine,UCvGEK5_U-kLgO6-AMDPeTUQ,emi wong,
home workout routine,UCpWaR3gNAQGsX48cIlQC0qw,Tibo InShape,Clique ici pour t'abonner ▻ http://bit.ly/1qAbjhL & rejoins la TeamShape ! Mes vêtements TeamShape ▻ http://bit.ly/1wXqeD7 ...
home workout routine,UC8Av1tO-ha143nNYzxmf1Fg,Pierre Dalati,
home workout routine,UCZUUZFex6AaIU4QTopFudYA,growwithjo,join monthly standing walking workout challenges for beginners here: https://growwithjo.com/pages/homefitness.
home workout routine,UClrYuzsxFYhYhumQHeiJdFQ,SquatCouple,
home workout routine,UCcRsTRCvh3PeR1Yog867hqg,Midas Movement,shorts #fitness #fullbody #buildmuscle #burnfat #getfit #fitnessmotivation #homeworkout #dumbbells #dumbbellonly #nobench ...
home workout routine,UCo4aEg_lco6-ZQgCMUOd8VA,itsdrewmoemeka,
home workout routine,UCFar6t6OF-q2Y6rBuoDhpOg,Massy Arias,Most people I see are training with exercise selections based on what body part it trains. I want to show you how I program ...
home workout routine,UCZIIRX8rkNjVpP-oLMHpeDw,Calisthenicmovement,Our Workout Programs https://calimove.com *Follow Along Routine* ...
home workout routine,UCkAE83o31Z5vnUMoOEX7-JQ,Fitness pro wings,FullBodyWorkout #HomeWorkout #NoEquipmentWorkout #FatBurn #MuscleGain #WorkoutMotivation #FitnessAtHome ...
home workout routine,UCsLF0qPTpkYKq81HsjgzhwQ,growingannanas,
gym workout routine,UCE2hIKMrB6Heg3b53NcoeLQ,Joe Delaney,Try my training app (Free Trial) https://www.pushapp.co.uk Supplements I Use: https://vilgain.co.uk/joe □ Training Programs: ...
gym workout routine,UCanGaUp9luSTbqkCh9zVUIQ,Workout Health and Fitness,"Two Body Parts Per day, Full Week Gym Workout Plan | Perfect Plan for Best Results | Symmetrical Development | 4 Day Workout ..."
gym workout routine,UCAo68fdu-hYfgO0y0n-J8qg,trainer winny,Training & Nutrition Plans: https://bodybuildingsimplified.com/pages/products Get the FREE Bodybuilding CHEAT SHEET!
full body workout,UC68TLK0mAEzUyHx5x5k-S1Q,Jeff Nippard,Check out my full 10-week Pure Bodybuilding Program! 20% off for launch week: https://jeffnippard.com This video shows one ...
full body workout,UCoNEdsEvbgRjmV1WywA9S0Q,fitness__kaykay,"trainwithkaykay #fullbodyworkout Hey team #everydaywarrior, this NEW 30 MIN FULL BODY STRENGTH is waiting for you ..."
full body workout,UCe0TLA0EsQbE-MjuHXevj2A,ATHLEAN-X™,"If you have been looking for the most effective total body workout you can do in 2026, you have come to the right place. In this ..."
full body workout,UCpQ34afVgk8cRQBjSJ1xuJQ,MadFit,How many rounds can you complete?! Try this beginner full body workout! 30s each exercise then take a 30s rest and repeat.
full body workout,UCsLF0qPTpkYKq81HsjgzhwQ,growingannanas,"TEAM it's YOU VS YOU! Get ready for 30-minutes of killer full-body exercises, you're about to prove to yourself that you are ..."
full body workout,UCg8LTugCdsOLuwtd9n0d8kA,Rowan Row,30 Min FULL BODY WORKOUT with WARM UP | No Equipment & No Repeat | Rowan Row ...
full body workout,UCcRsTRCvh3PeR1Yog867hqg,Midas Movement,shorts #fitness #fullbody #buildmuscle #burnfat #getfit #fitnessmotivation #homeworkout #dumbbells #dumbbellonly #nobench ...
full body workout,UC8Av1tO-ha143nNYzxmf1Fg,Pierre Dalati,
full body workout,UC-FKLr9ouY3acJsf712Ixhg,Daniel JrStretch,
full body workout,UCujB5FFwuEUiuAK8512nJRQ,Madelaine Rascan,
fat loss workout,UCg4hg_qRkwCsJIwbev-VyAg,Doctor Mike Diamonds,Book a COACHING Call: https://mikediamonds.typeform.com/onboarding-form?el=UwO0PUUWJA4 MY SUPPORTING LINKS ...
fat loss workout,UCERm5yFZ1SptUEU4wZ2vJvw,Jeremy Ethier,Do you need cardio for weight loss? And how much cardio should you actually do? Some say you don't need any cardio for fat ...
fat loss workout,UCZUUZFex6AaIU4QTopFudYA,growwithjo,We're BACK AT IT with our first workout back since giving birth! I was cleared to workout much sooner than i had expected this ...
fat loss workout,UCg8LTugCdsOLuwtd9n0d8kA,Rowan Row,
fat loss workout,UCSE72IaHOL-1Tv-m3JHE4Cg,wearecult,This Full Body Workout Without Equipment video from Cult Fit is the perfect workout for you to burn your excess fat. Try this ...
fat loss workout,UCERm5yFZ1SptUEU4wZ2vJvw,Jeremy Ethier,How to lose belly fat” is one of the most common questions out there. And that's understandable. Belly fat is really easy to gain and ...
fat loss workout,UCZUUZFex6AaIU4QTopFudYA,growwithjo,join monthly standing walking workout challenges for beginners here: https://growwithjo.com/pages/homefitness.
fat loss workout,UCg4hg_qRkwCsJIwbev-VyAg,Doctor Mike Diamonds,Book a COACHING Call: https://mikediamonds.typeform.com/onboarding-form?el=OxGaXzBc0u4 FOLLOW ME ON INSTAGRAM ...
fat loss workout,UCfQgsKhHjSyRLOp9mnffqVg,Renaissance Periodization,The UPDATED RP HYPERTROPHY APP: https://rpstrength.com/hyped Become an RP channel member and get instant access to ...
fat loss workout,UCeVsTscYjH7KtYjfHAzNl5g,growwithjo Home,Maya knows that consistency is the name of the game! She has been consistently following @growwithjo workouts and making ...
muscle building workout,UCERm5yFZ1SptUEU4wZ2vJvw,Jeremy Ethier,You might be able to gain muscle faster (almost twice as fast!) as you are right now - and still remain “natty”. How? With what I like ...
muscle building workout,UC0QHWhjbe5fGJEPz3sVb6nw,Doctor Mike,I'll teach you how to become the media's go-to expert in your field. Enroll in The Professional's Media Academy now: ...
muscle building workout,UC1CVzH-XVr3E-kTT6D8hhfg,FitnessFAQs,Get my calisthenics workouts here - fitnessfaqs.com #fitness #workout #gym.
muscle building workout,UC68TLK0mAEzUyHx5x5k-S1Q,Jeff Nippard,Full technique study here: https://www.mdpi.com/2411-5142/9/1/9.
muscle building workout,UCERm5yFZ1SptUEU4wZ2vJvw,Jeremy Ethier,Want to learn how to build muscle most effectively? Good news: I'm bringing you exclusive insights from 7 of the world's smartest ...
muscle building workout,UCWPQJeWz4pvccA3lIoZ7j1Q,Dr. Gabrielle Lyon,"Eat less, move more? Sure. But if you want to lose fat and build muscle, add protein and strength training to the mix! #fatloss ..."
muscle building workout,UCpis3RcTw6t47XO0R_KY4WQ,Caroline Girvan,This is a follow along 30 minute full body dumbbell workout that will target every muscle group with compound movement to help ...
muscle building workout,UCcaWyZrrxMaTKtVDkexK9Ow,Nobadaddiction,Get ready to sculpt and strengthen your entire body with our top 5 muscle-building exercises. This at-home workout is your ticket ...
muscle building workout,UClrYuzsxFYhYhumQHeiJdFQ,SquatCouple,
muscle building workout,UCtoCSRviHk6uFIb-zqeo4yQ,Sean Nalewanyj Shorts,Subscribe to my main fitness channel: https://www.youtube.com/user/NalewanyjFitness Get Your FREE Workout & Diet Plan: ...
bodyweight workout,UCZjFDJI4B4l16uujibduMFA,WeShape,If you're a beginner and are not sure what workout is best for you? click here and we can help you out ...
bodyweight workout,UClrYuzsxFYhYhumQHeiJdFQ,SquatCouple,
bodyweight workout,UCgDMK-mqsoSlRAmnfUiVB5g,Strength Mode,Wake up with back or joint pain lately? Step-by-step blueprint to MOVE and FEEL like you're 10 years younger: ...
bodyweight workout,UC9BNGVGr_lvbn3d23ckuVOA,Strength Side,Most people don't know that we can get in great shape with no equipment and just bodyweight exercises. You won't look like a big ...
bodyweight workout,UCi_J6WNj99ro-9cPZOUrf8Q,MrandMrsMuscle,"This is a 20 minute Full Body Workout no equipment needed. This routine is designed to build strength, aid in weight loss and ..."
bodyweight workout,UCi_J6WNj99ro-9cPZOUrf8Q,MrandMrsMuscle,"This is a 20 Minute Full Body BODYWEIGHT Workout Routine for Strength, Muscle and Tone across the whole body This ..."
bodyweight workout,UCo4aEg_lco6-ZQgCMUOd8VA,itsdrewmoemeka,
bodyweight workout,UCJASBOyF4Fkd26SIwRhLuZw,Tone and Tighten,"8 of the best bodyweight exercises to tone and strengthen your muscles at home. Includes beginner, intermediate, and advanced ..."
bodyweight workout,UCfQgsKhHjSyRLOp9mnffqVg,Renaissance Periodization,The UPDATED RP HYPERTROPHY APP: https://rpstrength.com/hyped Become an RP channel member and get instant access to ...
bodyweight workout,UCnBDVUnNmy5QdyWMF3RK_Kg,Summerfunfitness,"When I was a beginner, I always opted to do the harder bodyweight progression rather than adding weight when I needed to ..."
HIIT workout,UCIiI9tAbgvSPPL_50gefFtw,nourishmovelove,"This 30-minute HIIT workout checks all the boxes. No burpees, no repeats, and a spicy ab finisher at the end. It's my go-to ..."
HIIT workout,UC1nm4xrRgYdarG85AEo3egA,Jackson Carey | FitCircuits,"No excuses! This quick 20-minute HIIT is perfect for all fitness levels to torch calories, build endurance, and get results—no ..."
HIIT workout,UCwrXi5ZknKThspJc-Gai04g,Juice & Toya,"Tap in with us for a fun 20 Minute high intensity cardio workout This workout contains a mixture of high intensity strength, cardio, ..."
HIIT workout,UC1nm4xrRgYdarG85AEo3egA,Jackson Carey | FitCircuits,"Ready to torch fat, build strength, and boost endurance? ⚡️ This for a high-intensity, full-body 20-minute dumbbell HIIT workout ..."
HIIT workout,UC1nm4xrRgYdarG85AEo3egA,Jackson Carey | FitCircuits,"Torch calories and build lean muscle with this high-intensity 20-minute bodyweight HIIT workout — no equipment, no gym, just ..."
HIIT workout,UCZUUZFex6AaIU4QTopFudYA,growwithjo,Make sure to warm up before starting this workout! WARM UP: https://www.youtube.com/watch?v=67eD2Y1lqO0&t=237s This ...
HIIT workout,UCqjwF8rxRsotnojGl4gM0Zw,THENX,Join Chris Heria as he shows you how to Replace Treadmill With this 10 Min HIIT/CARDIO Workout that is going to build muscle ...
HIIT workout,UC8Av1tO-ha143nNYzxmf1Fg,Pierre Dalati,
HIIT workout,UCiP6wD_tYlYLYh3agzbByWQ,FitnessBlender,"NEW: Exclusive workout videos + 5, 10 & 30 Day Workout Challenges here on YouTube - Click “Join” ..."
HIIT workout,UCGiSCVGNukLqv8hwpKCsQKQ,SELF,"In this high intensity cardio bodyweight workout from trainer Lita Lewis, you'll spike your heart rate with high-knees, fast feet, and ..."
fitness trainer tips,UC8kGsMa0LygSX9nkBcBH1Sg,Peter Attia MD,Get the 5 Tactics in My Longevity Toolkit and my weekly newsletter here (free): https://bit.ly/3WVKybH Watch the full episode: ...
fitness trainer tips,UCfQgsKhHjSyRLOp9mnffqVg,Renaissance Periodization,The UPDATED RP HYPERTROPHY APP: ...
fitness trainer tips,UCfQgsKhHjSyRLOp9mnffqVg,Renaissance Periodization,Submit your questions to Mike on the weekly RP webinar: ...
fitness trainer tips,UCfELpcdi_Oe9aZpGuvPB0ug,James Smith ,To be successful as a personal trainer or any other similar business you need to master these 5x stages of your business and if ...
fitness trainer tips,UCxCcu9pet4dljrBLf8R5nwA,Leila Hormozi,"I'm Leila Hormozi… I start, scale & invest in companies at Acquisition.com. I'm a full time CEO, part time investor, and my side gig ..."
fitness trainer tips,UCsLF0qPTpkYKq81HsjgzhwQ,growingannanas,
fitness trainer tips,UCcBbwZNe1l1wjvWkea0ZMGA,Sorta Healthy Trainer Education,What's up guys? Jeff from Sorta Healthy here! In today's video we'll be chatting about some things that I wish I knew before starting ...
fitness trainer tips,UCe072WU1CTmEZhkPS4bM6cQ,Brandon Carter,Learn The 10 Easy-To-Follow Steps Anyone Can Use To Become An Online Trainer: https://king-keto.com/clients-needed-100k ...
fitness trainer tips,UCtoCSRviHk6uFIb-zqeo4yQ,Sean Nalewanyj Shorts,Subscribe to my main fitness channel: https://www.youtube.com/user/NalewanyjFitness Get Your FREE Workout & Diet Plan: ...
fitness trainer tips,UCcBbwZNe1l1wjvWkea0ZMGA,Sorta Healthy Trainer Education,We will be at the Hyatt Regency Hotel on Friday July 18 at 7:00pm and we want to meet as many of you as possible! Attending this ...
workout for beginners,UCpQ34afVgk8cRQBjSJ1xuJQ,MadFit,"A super quick and effective 5 minute arm workout using dumbbells/weights! The full, follow along, workout can be found on my ..."
workout for beginners,UCZUUZFex6AaIU4QTopFudYA,growwithjo,join monthly standing walking workout challenges for beginners here: https://growwithjo.com/pages/homefitness.
workout for beginners,UCJASBOyF4Fkd26SIwRhLuZw,Tone and Tighten,"Complete core workout presented by Dr Jared Beckstrand! The perfect home workout to train your abs, obliques, lower back, and ..."
workout for beginners,UClrYuzsxFYhYhumQHeiJdFQ,SquatCouple,
workout for beginners,UCzepXKgbTZ6qi4HcO21itIQ,Justin Agustin,"For FULL-LENGTH beginner workout videos, sign up to my online at https://courses.justinagustin.com Exercise from the comfort of ..."
workout for beginners,UCzepXKgbTZ6qi4HcO21itIQ,Justin Agustin,"Full-length beginner workout videos at https://justinagustin.com and the ""Justin Agustin Fitness app available on in the Apple ..."
workout for beginners,UCzepXKgbTZ6qi4HcO21itIQ,Justin Agustin,"For FULL-LENGTH beginner workout videos, sign up to my online at https://courses.justinagustin.com Exercise from the comfort of ..."
workout for beginners,UCzepXKgbTZ6qi4HcO21itIQ,Justin Agustin,"Full-length beginner workout videos at https://justinagustin.com and the ""Justin Agustin Fitness app available on in the Apple ..."
workout for beginners,UCzepXKgbTZ6qi4HcO21itIQ,Justin Agustin,"For FULL-LENGTH beginner workout videos, sign up to my online at https://courses.justinagustin.com Exercise from the comfort of ..."
workout for beginners,UCkWYei5MULuRDhH7uxtZqqA,SeniorShape Fitness,Let's get it done with this quick total body strength workout! All exercises are osteoporosis friendly (no twisting or rounding the ...
fitness diet plan,UCX4RK_CmFtVRFq6tO27t0jQ,Fit Food Doctor ,"Start your day with high-protein breakfast options that keep you full, boost metabolism, and support muscle growth! In this video ..."
fitness diet plan,UC9RRZdOwtYAWPnIR9iYfIIg,Midlife Fit Club,"When I decided to transform my life by quitting drinking, consistently working out, and overhauling how I ate, I kept it simple."
fitness diet plan,UCOXLR3otPW6kBjYZq5nU5jQ,fitness tips,food #eatandlose #dietplan #healthylifestyleeats #indianfood #benefitsofhealthyfood #dietchart #healthydieting #breakfast ...
fitness diet plan,UCAo68fdu-hYfgO0y0n-J8qg,trainer winny,Training & Nutrition Plans: https://bodybuildingsimplified.com/pages/products Get the FREE Bodybuilding CHEAT SHEET!
fitness diet plan,UCB8eOy0T3SNL7azHiWl2wzw,Olivia May,
fitness diet plan,UC68TLK0mAEzUyHx5x5k-S1Q,Jeff Nippard,What I eat in a day! Download MacroFactor 2 weeks free on the App Store or Google Play using code JEFF.
fitness diet plan,UCkmw8JgDZy3NAyHEtUGpdhg,Shiv Wilson,
fitness diet plan,UCMp-0bU-PA7BNNR-zIvEydA,Noel Deyzel,"How to prep cheap and wholesome meals to help reach your goals. (@NoelDeyzel ) #noeldeyzel, #mealprep #fitnessjourney."
fitness diet plan,UCARro5uJJImodb-VdA_l1Zg,Brandon Kang,Full Day of Eating in a Calorie Deficit | 2000 Calorie Meal Plan Here's everything I eat in a day as a natural bodybuilder in a ...
fitness diet plan,UCOgxDjtJIoyIuMc5JOIIg2Q,PRshredz,
healthy meal prep,UCn6ci8L-ZJZxPz-2Bnzpxxg,My Protein Pantry,
healthy meal prep,UClyjeKcdQh3L31SGtJHc3RA,Kwokspots,
healthy meal prep,UCeBZEqmBiFWTb8aDO2K8Atg,Feelin' Fab With Kayla,
healthy meal prep,UCsEmkNdR_HQ_INJd_M9lULQ,The Golden Balance,shorts.
healthy meal prep,UCFr-vtTWI3hXDLcx9ZRf3ag,Fayette Nyehn,
healthy meal prep,UCh-GXxkUCFItAvmkTlbnPTw,fitfoodieselma,Day 2 of 30 Days of Healthy & High-protein Breakfast Meal Prep Recipes: Pancake Bowls   These contain between 27-36g ...
healthy meal prep,UCrCRMKwXKvH5PN_xtk2o1BA,Jalalsamfit,"High Protein Buttery Garlic Steak & Eggs! Only 622 Calories       My twist on an absolute classic dish packed with lots of flavour, ..."
healthy meal prep,UCblexCGILCHMDAlIM62Xpbw,Aussie Fitness,
healthy meal prep,UCh-GXxkUCFItAvmkTlbnPTw,fitfoodieselma,"What I meal prepped this week to get 100G+ protein per day   Recipes for all of these meals are in my latest Youtube video, ..."
healthy meal prep,UCLDVvZTCoRXODxjBXylpHBA,Cookingforgains,565 calories 50g protein 17g fat 52 carbs makes 8 servings Check out my cookbook for more! I have my own supplement store ...
healthy meal prep,UCERm5yFZ1SptUEU4wZ2vJvw,Jeremy Ethier,"Looking for cheap meal prep on a budget? This is the world's cheapest healthy meal plan for fat loss, coming up to just over ..."
healthy meal prep,UC0rEJ3mwhOTB4Y6ThdDaMIQ,Miranda Brady,
healthy meal prep,UCh-GXxkUCFItAvmkTlbnPTw,fitfoodieselma,Healthy & High-protein Meal Prep | 100 g+ protein/day   The full recipes are in my latest Youtube video   ...
healthy meal prep,UCK2d_KfjVPwh9gqoczQ9sSw,Liezl Jayne Strydom,"full recipes in my video ""1 hour meal prep - part 2"" linked at the bottom of this short."
healthy meal prep,UCAAKwDsrywhnaWgwbr28bRQ,Jenn Lueke,welcome back! my highly requested grocery budget series is back again and this time I was inspired by some of my favorite fall ...
healthy meal prep,UCeBZEqmBiFWTb8aDO2K8Atg,Feelin' Fab With Kayla,This healthy meal prep menu is for a full 5-day work week and consists of high protein meals that are also gluten free and macro ...
healthy meal prep,UCFr-vtTWI3hXDLcx9ZRf3ag,Fayette Nyehn,
healthy meal prep,UCh-GXxkUCFItAvmkTlbnPTw,fitfoodieselma,Day 1 of 30 Days of Healthy & High-protein Breakfast Meal Prep Recipes: Blended Chocolate Overnight Oats   These contain ...
healthy meal prep,UCzt3CNnlHbeDL9CRSWSzENw,🦋 Taliyah Joelle 🦋,
high protein recipes,UCh-GXxkUCFItAvmkTlbnPTw,fitfoodieselma,Day 2 of 30 Days of Healthy & High-protein Breakfast Meal Prep Recipes: Pancake Bowls   These contain between 27-36g ...
high protein recipes,UC4tAgeVdaNB5vD_mBoxg50w,Allrecipes,"Looking for easy, high-protein meals that basically cook themselves? In the full-length video, Nicole shares five protein-packed ..."
high protein recipes,UCmt9IHErrFbiUQ77dThKpmw,Golden Years,"If you're too tired to cook, these easy no-cook high protein meals for seniors will help you stay strong, energized, and ..."
high protein recipes,UC4tAgeVdaNB5vD_mBoxg50w,Allrecipes,"Looking for quick, protein-packed dinners that are perfect for busy weeknights? In this video, Nicole shares five easy high-protein ..."
high protein recipes,UCrCRMKwXKvH5PN_xtk2o1BA,Jalalsamfit,"My Top 5 Most Delicious High Protein & Low Calorie Recipes  ‍   These recipes help you lose weight, build muscle and save ..."
high protein recipes,UCsxbedxvHAqlAbghfnzrHKQ,Panacea Palm,
muscle gain diet,UCGXRegKvroyGv8HbN35AjKA,Sean Nalewanyj,Fill out this form and I'll personally send you a FREE customized fitness program to help you achieve the head-turning body you're ...
muscle gain diet,UCg4hg_qRkwCsJIwbev-VyAg,Doctor Mike Diamonds,"In this video, you'll learn ➢  Book a COACHING Call: https://mikediamonds.typeform.com/onboarding-form?el=hyqoOUKEmWU ..."
muscle gain diet,UCbZmj05J9w8jHUgCmj1Xdcw,Tom Beckles,
muscle gain diet,UC3w193M5tYPJqF0Hi-7U-2g,Dr. Eric Berg DC,"Check out these amazing key nutrients that make your muscles grow. Just so you know, my full line of high-quality supplements is ..."
muscle gain diet,UCbZmj05J9w8jHUgCmj1Xdcw,Tom Beckles,
muscle gain diet,UC68TLK0mAEzUyHx5x5k-S1Q,Jeff Nippard,Download MacroFactor 2 weeks free: https://bit.ly/jeffmacrofactor Pre-order The Muscle Ladder (my hardcover book): ...
muscle gain diet,UC68TLK0mAEzUyHx5x5k-S1Q,Jeff Nippard,People think building muscle is expensive. But you can do it for $8 a day. For Breakfast: Have an anabolic peanut butter ...
muscle gain diet,UCGXRegKvroyGv8HbN35AjKA,Sean Nalewanyj,"Get Your FREE Training & Nutrition Plan: https://www.SeanNal.com/custom Premium Quality, Science-Based Supplements: ..."
muscle gain diet,UCMp-0bU-PA7BNNR-zIvEydA,Noel Deyzel,"How to prep cheap and wholesome meals to help reach your goals. (@NoelDeyzel ) #noeldeyzel, #mealprep #fitnessjourney."
muscle gain diet,UCtdMOXeRWMkCRfy8lLJNX1Q,Sadik Hadzovic,
fat loss diet,UCg4hg_qRkwCsJIwbev-VyAg,Doctor Mike Diamonds,"In this video, you'll learn ➢  Book a COACHING Call: https://mikediamonds.typeform.com/onboarding-form?el=4RvCzwlp0tU ..."
fat loss diet,UCERm5yFZ1SptUEU4wZ2vJvw,Jeremy Ethier,"Why is it that only about 10% of us succeed at a fat loss diet? Well, most of what people learn about how to diet to lose fat is wrong ..."
fat loss diet,UCe072WU1CTmEZhkPS4bM6cQ,Brandon Carter,Learn The 10 Easy-To-Follow Steps Anyone Can Use To Become An Online Trainer: https://king-keto.com/extreme-diet-lose-fat ...
fat loss diet,UCg4hg_qRkwCsJIwbev-VyAg,Doctor Mike Diamonds,"In this video, you'll learn ➢  Book a COACHING Call: https://mikediamonds.typeform.com/onboarding-form?el=hyqoOUKEmWU ..."
fat loss diet,UC68TLK0mAEzUyHx5x5k-S1Q,Jeff Nippard,Try my nutrition app MacroFactor free! Get a 2 week free trial by using code JEFF when you download on the App Store or Google ...
fat loss diet,UCERm5yFZ1SptUEU4wZ2vJvw,Jeremy Ethier,Belly fat is really easy to gain but seems almost impossible to lose. You're probably aware your diet is the key when it comes to ...
fat loss diet,UCfQgsKhHjSyRLOp9mnffqVg,Renaissance Periodization,The UPDATED RP HYPERTROPHY APP: https://rpstrength.com/hyped Become an RP channel member and get instant access to ...
fat loss diet,UCtoCSRviHk6uFIb-zqeo4yQ,Sean Nalewanyj Shorts,Subscribe to my main fitness channel: https://www.youtube.com/user/NalewanyjFitness Get Your FREE Workout & Diet Plan: ...
fat loss diet,UC3w193M5tYPJqF0Hi-7U-2g,Dr. Eric Berg DC,"The ultimate fat-burning food is NOT celery, chili peppers, or vegetables. This powerful food activates the #1 fat-burning hormone ..."
fat loss diet,UCIaH-gZIVC432YRjNVvnyCA,Chris Williamson,Chris and Mike Israetel discuss the best foods for fat loss. Are there key foods for fat loss according to Dr Mike Israetel? What does ...
fitness nutrition tips,UCV7TeIxTVW4xJS-Uc7KBBQg,Tashana Charles,
fitness nutrition tips,UCPD55VPa1ZWx1a_nzWC2VJA,Dr. Stacy Sims Official,Want to boost your workout results? It's not just about what you do during exercise. It's what you eat before and after that matters.
fitness nutrition tips,UC2D2CMWXMOVWx7giW1n3LIg,Andrew Huberman,"My guest is Alan Aragon, a renowned nutrition and fitness expert and researcher known for sharing the strongest evidence-based ..."
fitness nutrition tips,UCmzlU-Rtdz2tV1dI7KQvTxw,Hannah Malu,"Most health research is male focused. Hence, a lot of the advice we get about living a healthy lifestyle applies only to men - but ..."
fitness nutrition tips,UCd8sdpZhDOqoBiwvsSrwrkg,Adam Frater,
fitness nutrition tips,UC68TLK0mAEzUyHx5x5k-S1Q,Jeff Nippard,Explaining everything wrong with my diet from 10 years ago and what I would do today instead based on the last decade of ...
fitness nutrition tips,UCAo68fdu-hYfgO0y0n-J8qg,trainer winny,Training & Nutrition Plans: https://bodybuildingsimplified.com/pages/products Get the FREE Bodybuilding CHEAT SHEET!
fitness nutrition tips,UCXekTRdroUx9ZCtEdgoZ8vg,Nutricionista Andrea Urizar ,MY WEBSITE AND DIET PLANS▹ https://www.dietitianandreaurizar.com/​​ ABOUT ME▹ Hello there! My name is Andrea and ...
fitness nutrition tips,UC68TLK0mAEzUyHx5x5k-S1Q,Jeff Nippard,"In this video, I'm showing you my pre and post-workout meals. By understanding how to fuel your body correctly before and after ..."
fitness nutrition tips,UCk2U-Oqn7RXf-ydPqfSxG5g,Mel Robbins,Order your copy of The Let Them Theory https://melrob.co/let-them-theory The #1 Best Selling Book of 2025 Discover how ...
healthy breakfast recipes,UCh-GXxkUCFItAvmkTlbnPTw,fitfoodieselma,Day 2 of 30 Days of Healthy & High-protein Breakfast Meal Prep Recipes: Pancake Bowls   These contain between 27-36g ...
healthy breakfast recipes,UCh-GXxkUCFItAvmkTlbnPTw,fitfoodieselma,Healthy Breakfast Meal Prep: High-protein Overnight Oats   These overnight oats have a super creamy texture and they are so ...
healthy breakfast recipes,UCPhZ8nmPCWhvZbyaFzZ83NQ,Ashley Hetherington,
healthy breakfast recipes,UCMp-0bU-PA7BNNR-zIvEydA,Noel Deyzel,Easy overnight oats recipe that tastest great and hits the macros. Make these and store in the fridge to have a breakfast on hand ...
healthy breakfast recipes,UCbj3KAU13TdQMf1cSMp2biA,Sarah Morris,
healthy breakfast recipes,UCv9yHOWQCyI70yKa4SGX5Gw,From Scratch Farmstead,Breakfast can be hard! In this video we share some of our family's favorite make ahead and freezer friendly breakfast recipes.
healthy breakfast recipes,UCnq1w-56tAvMdDup-CL6Vtg,Bobby Parrish,Get an extra 25% off your first order and a free 30 day trial from Thrive Market: https://www.thrivemarket.com/flavcity We took all of ...
healthy breakfast recipes,UCbj3KAU13TdQMf1cSMp2biA,Sarah Morris,
healthy breakfast recipes,UCh3WHGp6sbckxlkxitHtfcA,Emilys World,
healthy breakfast recipes,UCrq1Anu8Kqd64qnuJW8-Ttw,patiispage,Redo of my viral 5 minute breakfast sandwich - this time with other ingredients ✨ Ingredients: - 2 brioche toasts - 2 eggs - 1 slice ...
fitness meal prep,UC68TLK0mAEzUyHx5x5k-S1Q,Jeff Nippard,People think building muscle is expensive. But you can do it for $8 a day. For Breakfast: Have an anabolic peanut butter ...
fitness meal prep,UC68TLK0mAEzUyHx5x5k-S1Q,Jeff Nippard,"In this video, I'm showing you my pre and post-workout meals. By understanding how to fuel your body correctly before and after ..."
fitness meal prep,UCMp-0bU-PA7BNNR-zIvEydA,Noel Deyzel,
fitness meal prep,UCsLF0qPTpkYKq81HsjgzhwQ,growingannanas,
fitness meal prep,UC68TLK0mAEzUyHx5x5k-S1Q,Jeff Nippard,Download MacroFactor 2 weeks free: https://onelink.to/mfjeff Get my hard copy book The Muscle Ladder: ...
fitness meal prep,UC-TMVAGzJgOzJQCMN7Acmtw,Josh Bailey,
fitness meal prep,UC9RRZdOwtYAWPnIR9iYfIIg,Midlife Fit Club,"When I decided to transform my life by quitting drinking, consistently working out, and overhauling how I ate, I kept it simple."
fitness meal prep,UCAo68fdu-hYfgO0y0n-J8qg,trainer winny,Training & Nutrition Plans: https://bodybuildingsimplified.com/pages/products Get the FREE Bodybuilding CHEAT SHEET!
fitness meal prep,UC-TMVAGzJgOzJQCMN7Acmtw,Josh Bailey,This meal prep demonstration is to help you understand how to eat foods that can help you control your blood sugar levels and ...
fitness meal prep,UCMp-0bU-PA7BNNR-zIvEydA,Noel Deyzel,"How to prep cheap and wholesome meals to help reach your goals. (@NoelDeyzel ) #noeldeyzel, #mealprep #fitnessjourney."
high protein vegetarian recipes,UCRrlRjsRafOBheGLX02dJtw,cookingforpeanuts,cookingforpeanuts see links on my YouTube channel page Search 'BOLOGNESE' and 'MEAL PREP SALAD.
high protein vegetarian recipes,UCgs9-XogD8tcyylH_YTylqg,Andrew Bernard | The Nard Dog Cooks,"When I make a dish that impresses my non-vegan dad, then I know I have a winner. These lentil meatballs do just that every ..."
high protein vegetarian recipes,UC4pEAoO0u3xM7HKNdtwliiA,Hilltop Recipes,Get Recipe: https://theplantbasedschool.com/creamy-lentil-soup/ If you're looking for a comforting soup that's creamy without ...
high protein vegetarian recipes,UCr1PC384fLPw5PxyXecQDTw,The Happy Pear,Variety is the spice of life. That's why we always turn to these buddha style bowls when it comes to meal time. You can combine so ...
high protein vegetarian recipes,UCaLs2Nr6kra2R0fhZ6GfDGw,HungryHappens,
high protein vegetarian recipes,UC0TiAs0llJVv07HmTkLLVsA,Ahmad Noori,"Creamy, tangy, and totally fish free. Mash chickpeas with vegan mayo or tahini, Dijon, sriracha, dill, crunchy cucumber and onion, ..."
high protein vegetarian recipes,UC2qnIrCWvhPtye-ckv3YRng,SHREDHAPPENS,CREAMY HIGH PROTEIN TOMATO BASIL SOUP Can you believe this whole pot has 79 grams of protein? If you love a great ...
high protein vegetarian recipes,UC5zS0_6TYr17qTnvw_9vang,Allen Choudhary,
high protein vegetarian recipes,UCRrlRjsRafOBheGLX02dJtw,cookingforpeanuts,cookingforpeanuts https://cookingforpeanuts.com/greek-green-goddess-dip/ Screenshot this link and copy paste into browser or ...
high protein vegetarian recipes,UCyrArp-KDb0sunJMT3VvDIQ,Toni Mitchell,
high protein vegetarian recipes,UCRrlRjsRafOBheGLX02dJtw,cookingforpeanuts,20-Minute Creamy White Beans Skillet Meal made with vegan almond cheese sauce and burst cherry tomatoes. Packed with ...
high protein vegetarian recipes,UCDbZvuDA_tZ6XP5wKKFuemQ,Rainbow Plant Life,Get the printable recipe here: https://nyti.ms/46BdkDm (gift link) #veganrecipes #easyrecipe #quickrecipe.
high protein vegetarian recipes,UC94j6RadHel4oaEze97Ngog,That Vegan Babe,
high protein vegetarian recipes,UCRrlRjsRafOBheGLX02dJtw,cookingforpeanuts,Go to my YouTube Channel page @cookingforpeanuts and there is a clickable link at the top with recipes and cookware. Or visit ...
high protein vegetarian recipes,UCDYDFqV45Nqp4V8eaCI_UVQ,Sweet Simple Vegan,Find the full recipe for this roasted red pepper pasta sauce here: https://sweetsimplevegan.com/roasted-red-pepper-pasta-sauce/
high protein vegetarian recipes,UCNMWCQx35DQGMjY46e6e_nQ,Healthy Emmie,
high protein vegetarian recipes,UCa9-NSkOksppth5zJ9BazxQ,Vandana Garg,
high protein vegetarian recipes,UCdbc9vloklOgt-fnyyLDoNQ,essy cooks,Unlock the secrets to a health-conscious and busy lifestyle with our latest video: '11 High Protein Plant Based Meal Ideas!
high protein vegetarian recipes,UCawxenzFyo_0rzpzejVHK1w,Easy Meal Prep Recipes,HIGH PROTEIN CHICKEN SALAD CUCUMBER ROLLS. . With @shredhappens . If you are tight on time but still want to eat a ...
high protein vegetarian recipes,UCYSdA4dSH0-GuiZLDuDpGug,Sophie Waplington ,
high protein vegetarian recipes,UCo7KF9COW-cFRtUDIWbhpcg,Live Eat Learn,Link to recipes: https://www.liveeatlearn.com/category/eat/diet/vegetarian-high-protein-recipes/
high protein vegetarian recipes,UCbmUfoOfNW04K9U7moSDDcw,SweetPotatoSoul,"High Protein Vegan Recipes below!! Order my new cookbook, Vegan Vibes: ..."
high protein vegetarian recipes,UC0TiAs0llJVv07HmTkLLVsA,Ahmad Noori,"Today, we're excited to share a mouthwatering recipe for Crispy Tofu Stir-Fry with Bell Peppers and Broccoli. This vibrant and ..."
high protein vegetarian recipes,UCemKrnBU6PDqkhw8arNwF4Q,VeganProteins,I challenged myself to make high-protein vegan meals as cheaply as possible using only ingredients from Aldi and the dollar store ...
high protein vegetarian recipes,UC94j6RadHel4oaEze97Ngog,That Vegan Babe,
fitness lifestyle,UCL6n_lNvI1f5kOks31S8Tiw,Ageless Fitness Lifestyle,"Ready to Tone Your Arms at Any Age? At 73, I'm showing you 4 simple, powerful moves that help build strength, definition, ..."
fitness lifestyle,UCmGemR33N9EDAkNYM0Anl2A,FitLyssLifestyle,"Ready to finally go from overweight to lean in just 60 days? In this video,I'm breaking down my exact step-by-step fat loss plan to ..."
fitness lifestyle,UCqKKjPhoRMDGzZVG-jJ2n2A,Adri,
fitness lifestyle,UCo1bpycul1Xhpbo3gkhBBww,CallmeUche,"We're back with another fitness vlog In today's video, I'm showing you how I stay disciplined when motivation fails — through a ..."
fitness lifestyle,UCo1bpycul1Xhpbo3gkhBBww,CallmeUche,
fitness lifestyle,UCZSQNA00mkvXq9r6DXi6nNw,LilBigNanc,
fitness lifestyle,UCEjIjshJ8bvvCkGNk0pkYcA,Jesse James West,Download the smartest nutrition app MacroFactor! Use code JESSE for a 2 week free trial http://onelink.to/mfjesse Subscribe!
fitness lifestyle,UCL6n_lNvI1f5kOks31S8Tiw,Ageless Fitness Lifestyle,"At 73, nourishing my body isn't just about eating — it's about thriving. In this video, I share some of my daily wellness habits ..."
fitness lifestyle,UCb1To8rv8G4CelTlHuHbjSg,Stephanie Sanzo,
fitness lifestyle,UCao4a5ju7QRScI_tnf2MArw,Mary Braun,
gym diet plan,UCkmw8JgDZy3NAyHEtUGpdhg,Shiv Wilson,
gym diet plan,UCd8sdpZhDOqoBiwvsSrwrkg,Adam Frater,
gym diet plan,UCAo68fdu-hYfgO0y0n-J8qg,trainer winny,Training & Nutrition Plans: https://bodybuildingsimplified.com/pages/products Get the FREE Bodybuilding CHEAT SHEET!
gym diet plan,UCd8sdpZhDOqoBiwvsSrwrkg,Adam Frater,
gym diet plan,UC9RRZdOwtYAWPnIR9iYfIIg,Midlife Fit Club,"When I decided to transform my life by quitting drinking, consistently working out, and overhauling how I ate, I kept it simple."
gym diet plan,UCARro5uJJImodb-VdA_l1Zg,Brandon Kang,Full Day of Eating in a Calorie Deficit | 2000 Calorie Meal Plan Here's everything I eat in a day as a natural bodybuilder in a ...
gym diet plan,UCMp-0bU-PA7BNNR-zIvEydA,Noel Deyzel,"How to prep cheap and wholesome meals to help reach your goals. (@NoelDeyzel ) #noeldeyzel, #mealprep #fitnessjourney."
gym diet plan,UC12K7FCbzFG5BOMJrHn-sog,Yatinder Singh,Buy 2X Nutrition PowerHouse: https://tinyurl.com/2Xpower Use code *2XPOWER* for extra discount After beginner's and ...
gym diet plan,UC68TLK0mAEzUyHx5x5k-S1Q,Jeff Nippard,People think building muscle is expensive. But you can do it for $8 a day. For Breakfast: Have an anabolic peanut butter ...
gym diet plan,UCtoCSRviHk6uFIb-zqeo4yQ,Sean Nalewanyj Shorts,Subscribe to my main fitness channel: https://www.youtube.com/user/NalewanyjFitness Get Your FREE Workout & Diet Plan: ...
fitness daily routine,UCj-b5d3pgnkpmZxFZcK882g,ashlen james,
fitness daily routine,UC68TLK0mAEzUyHx5x5k-S1Q,Jeff Nippard,Try MacroFactor 2 weeks free! Download on the app store or google play and use code JEFF!
fitness daily routine,UCWj6fRc8W_ZlFVUurSsLghw,Sober Fitness,"Top 5 favourite fitness dailies ⬇️ 1) 20 minute daily overhead press. It was between this and daily dips for first place, but since ..."
fitness daily routine,UCO1XWL44wzgDWixNaSoLVtQ,Hussein,
fitness daily routine,UC2YEEOIX3YWrdyCSx6mnm-w,Wealth Mind Motivation,David Goggins crazy daily routine #shorts #davidgoggins #motivation.
fitness daily routine,UCuGeoEfs9nSlXSAPkPH-BmA,The Fit Champion,Beginner Exercises. Consistency and a healthy diet are key. SUBSCRIBE to my Youtube Channel! #fitnessmotivation ...
fitness daily routine,UCsLF0qPTpkYKq81HsjgzhwQ,growingannanas,
fitness daily routine,UCenRMCEExYDXZrfqDn6uRhw,Shulk,Try it out for yourself!
fitness daily routine,UC4GJndVHEhdmqLFBHOCi97A,Jordan Yeoh Fitness,
fitness daily routine,UCPk2s5c4R_d-EUUNvFFODoA,Gohar Khan,Get into your dream school: https://nextadmit.com/roadmap/ I'll edit your college essay: https://nextadmit.com/services/essay/ ...
