Channel ID,Channel Title,Published At,Thumbnail URL,Language,Country,Subscriber Count,Video Count
UCX4RK_CmFtVRFq6tO27t0jQ,Fit Food Doctor,2024-05-05T16:21:42.457489Z,https://yt3.ggpht.com/qDbUCFhShkdMlQIJ2_JmdjpP4IF2SQuTsiftACCxfVB84Dp_0gbVv9jKdLcaJL71Cyv1FwCQHA=s88-c-k-c0x00ffffff-no-rj,,,166000,1072
UCx8NnncI5THY2k4taIqMwmA,GYM WORLD,2019-03-30T18:39:44Z,https://yt3.ggpht.com/UivPD_W7mKqpIPSw7tVzhxC72pXkZm_duGBO__SRGjTa5F-EI2J0QjYustrtvQdaxPsSgb_gNKg=s88-c-k-c0x00ffffff-no-rj,,IN,361000,243
UCVl6ZdslZz2Zj-34bMJFPbg,Walk at Home,2011-07-11T12:48:03Z,https://yt3.ggpht.com/JiwUI67T7OPayDz1Xgmz8_9sLiS7OqXn4YRtMUROwXm7nBnZ5c91KoBNWJaObxu8cmpCw-Qfzw=s88-c-k-c0x00ffffff-no-rj,,US,5850000,291
UCDjSFOeyQ91aJoxTRqjaNWw,Longevity Muscle,2021-08-21T20:16:23.973243Z,https://yt3.ggpht.com/XoARyCSk8ui2TYJlXj5XEWG445kIC6ptX0viXVzgFUohIbVHfbuLxtNonnLjbj1w1n-KPHS-Xu4=s88-c-k-c0x00ffffff-no-rj,,,13300,1021
UCbZmj05J9w8jHUgCmj1Xdcw,Tom Beckles,2013-05-26T15:08:52Z,https://yt3.ggpht.com/8nfJxBfUi13o-V9gldgRcOTykQh7J-_1Fti0YicVW11QhGMkL3Lw6hoI5Sfzn5HHjvleJdKNNcU=s88-c-k-c0x00ffffff-no-rj,,,530000,1430
UCNMWCQx35DQGMjY46e6e_nQ,Healthy Emmie,2013-03-09T12:22:58Z,https://yt3.ggpht.com/YzmbcsRCLJiOBYEbUNP2mA80OxLZoh9wyyGAqbITs5k5WxQO_Sc1qmN4WqKq9mVheBG5-yMg=s88-c-k-c0x00ffffff-no-rj,,US,743000,1230
UCuphZ5BwKpxwqGDJBe6VRyg,Krish Health And Fitness,2012-08-07T09:18:40Z,https://yt3.ggpht.com/fApJ7PZESyronbYSmT65CKUoaonRs7pa31BEjkJDWPg4ItnXl-HInN6SrO9UTJoCjJKnPVAJCg=s88-c-k-c0x00ffffff-no-rj,te,IN,608000,868
UC5zS0_6TYr17qTnvw_9vang,Allen Choudhary,2012-06-20T03:12:00Z,https://yt3.ggpht.com/ZnbDk7FwOIYPY-Cyn0WD1H8gnm1H9TrlJBAmJzum4_tR3zlPa3jrSFLtqKfCyUEhKkYveamv=s88-c-k-c0x00ffffff-no-rj,,IN,4790000,1569
UCfaHhwMW9cFH8fRyyi7JzLQ,Adolfo,2020-07-02T15:07:40.788729Z,https://yt3.ggpht.com/B39wlZSGRx-XJHV5dDBJoWH8qpucDZHzewkqykwFLWM--sAjvtwZWIAE04M4AQg56kZCnq03=s88-c-k-c0x00ffffff-no-rj,,US,1290000,169
UCpQ34afVgk8cRQBjSJ1xuJQ,MadFit,2018-03-02T01:46:06Z,https://yt3.ggpht.com/IpjXoqLDSLHidmD_gnmeBkak922B5OaLkc8MiTI3KUlKiFKwGNeZZMOikbyMnnuk0f5uL3UY=s88-c-k-c0x00ffffff-no-rj,,CA,11200000,1364
UCPG8CxOlWesGSPlKRR8B3zw,Grow Young Fitness,2015-08-20T19:46:13Z,https://yt3.ggpht.com/GrNkHbKKG6hG7clNh9MRL47jqy4GyWdLN66neq4d5eMjq66J93vrN71pbucArO1h5VZ3VBgs=s88-c-k-c0x00ffffff-no-rj,,US,402000,3465
UCJItL3dzLhLG1FGV1wZRS2w,Oliver Sjostrom,2012-02-05T13:22:49Z,https://yt3.ggpht.com/5wkPb1dH5fu5Reg1FrS_2xJwLtneePRNthtYQpOjdFq-xT4M1gsZfBWyLWm6Rxkioav43ny2=s88-c-k-c0x00ffffff-no-rj,,SE,1720000,820
UC7TrQNHv-KIlLNGxKFyyGTg,Hunter Hobbs,2016-12-26T18:24:40Z,https://yt3.ggpht.com/zF64Gx4qXZQWMw--zdIvxi-1bRYQuunmMNgSxOdX_dz27BVq1zv7rKpY3jmeQQAjJ_5qRpSF=s88-c-k-c0x00ffffff-no-rj,,US,81700,64
UCemKrnBU6PDqkhw8arNwF4Q,VeganProteins,2013-03-29T21:22:01Z,https://yt3.ggpht.com/ytc/AIdro_l9k8hJVWkbyd4LVg8w_k0P7_6f1VHFN8eG7VNdz6iOXA=s88-c-k-c0x00ffffff-no-rj,,,22700,534
UCtt_c8PMrt0ZEE-LF8omc2A,Pilates & Fitness TV,2009-05-04T04:56:01Z,https://yt3.ggpht.com/4ldOG-ALVANoh8-cm-L_wVI0royAh7XxVBrfBNJnqMOFiHQ8AxGQjAO8dBjohALXoxx3AqXs_Q=s88-c-k-c0x00ffffff-no-rj,,US,162000,1239
UC3w193M5tYPJqF0Hi-7U-2g,Dr. Eric Berg DC,2008-11-23T18:27:59Z,https://yt3.ggpht.com/Qm53LL_8ArXg4fUN5qcLIJ_Gx81K8LsNqPFQEOdZAJzfAzomqZdMEJBXblBEWwmPdqO8SpR3=s88-c-k-c0x00ffffff-no-rj,,US,14500000,5899
UCRG_IQW6Yw5JmtTlKz8PBcg,Austin Dunham,2013-12-31T22:00:00Z,https://yt3.ggpht.com/toHhyfR4AHsTxu5ea4jA_rHWs2oHrzSlA1RbFdUjCqqJ3WgmUZ64vPO2WZMnKnXY024tHCIsFg=s88-c-k-c0x00ffffff-no-rj,,US,1180000,1039
UCXGeAZFwWu-zMxskaDuXjmg,Will Harlow – Over-Fifties Specialist Physio,2018-10-21T13:28:04Z,https://yt3.ggpht.com/AUkNaK_z0Stlzl54kO4CPThoceIp8sNYmwj29tV1Wfvq5RYzR0oK-5xHsF1YX5Jue5CzXUmEKLs=s88-c-k-c0x00ffffff-no-rj,,GB,1640000,756
UCAxW1XT0iEJo0TYlRfn6rYQ,The Body Coach TV by Joe Wicks,2011-08-12T11:57:15Z,https://yt3.ggpht.com/6dcZ2-G9oD3F02Melxd4wtc9yVeJIYdxBLdPp-WNmHZ43rY47qBBHbJlvs-AB6A8p0Tv0ej95w=s88-c-k-c0x00ffffff-no-rj,,GB,2900000,1108
UCHUn2GT4DD2vM9QB0vTUmWg,Food Impromptu,2017-02-09T18:53:04Z,https://yt3.ggpht.com/ytc/AIdro_k-3X8enhiSrGzJjhl1ggFtj1l-Unx-Lc_XnLTkIa5MWTs=s88-c-k-c0x00ffffff-no-rj,,CA,640000,149
UClyjeKcdQh3L31SGtJHc3RA,Kwokspots,2021-04-09T20:12:50.876471Z,https://yt3.ggpht.com/s20u4jXbr5bhyeLEWrFLa7zZn6huwvCO1yVe4rS2sA7efvmXznQSmwJKlPwDj3CqSeBiwBxyjQ=s88-c-k-c0x00ffffff-no-rj,,CA,210000,366
UC4Y3TKvTMj-iWatJWl6gWpw,Kangkan DB,2015-07-01T16:39:28Z,https://yt3.ggpht.com/o6tGDkZLMp4n72HHxCCgyNzyvpJr4iGgGXBqQTO2_Dt-vHGb7c4MnWggjyBSVOOy9UfmThyI=s88-c-k-c0x00ffffff-no-rj,,,431000,989
UCp0Ud55rGr_eYsONw9LLKJA,The Art of Taste,2024-02-01T21:49:30.124611Z,https://yt3.ggpht.com/v5y2b5hQsfJSpbLJuwGwWqWX9UG10ihzcmEmk7ttc-rg4CmBx55mA_8GvIuTAiJ0cLkWszfClnQ=s88-c-k-c0x00ffffff-no-rj,,US,26500,137
UCg6Ko6ghaC_jVznSUkVUKBg,Marie Steffen - The Art of Health,2011-04-27T18:31:48Z,https://yt3.ggpht.com/A91Jty23bY4ujSzOTYWeXsZLhfaSj6btqsSV4J0R_NuS0GvBntF7btunE-DpNUVDOV4jQbjuC5s=s88-c-k-c0x00ffffff-no-rj,en,DE,502000,1001
UCBEkojvn665B25JsvaFPDIw,Fitness king 👑,2025-01-04T10:55:41.990705Z,https://yt3.ggpht.com/mhAhk8SY0e40n2AZeN0E1L2_EuvRAYjEXafM6XLPXzX_oaejd19IgcrhMG5cyX3RFoGX87XRWy4=s88-c-k-c0x00ffffff-no-rj,,IN,237000,163
UCWj6fRc8W_ZlFVUurSsLghw,Sober Fitness,2021-06-11T05:22:49.599173Z,https://yt3.ggpht.com/P7aC7--aJj4EwDWRAb60kWl3zGEO2AmlVotnuKHPbeIzza6pwxNAG5EoqxnTHHLI7jjbuhK9nw=s88-c-k-c0x00ffffff-no-rj,,CA,211000,3083
UCXRvSAAQYsAY9Mi3EvR-npQ,Healthistic,2024-09-30T17:37:07.788494Z,https://yt3.ggpht.com/bi4l0A9-sS4EqFVWR5-_5CaMA3cXAIYDgEUz6cX7pveZd43lMTrwQ7licAViat9trY8IlYEx9g=s88-c-k-c0x00ffffff-no-rj,,,28400,170
UC570LhUZtzfMdwWbprUWwfw,SOCCSTER,2018-05-24T19:42:06Z,https://yt3.ggpht.com/tE4MtbcF2SRfut_bCiP62-s4to8CisFQ6VOGSW2EDMfIWZrlgm9iR5bgKhL2qdgbsZbf7pOI=s88-c-k-c0x00ffffff-no-rj,,US,526000,240
UCj-b5d3pgnkpmZxFZcK882g,ashlen james,2011-12-22T15:16:50Z,https://yt3.ggpht.com/R8FiCITXWk4Jd7zmGP1QvUOOKCtqIEiwt2_ZDFO0yb_xDv3cwAYPb6UEkSlOafFqHIcCa9gx8w=s88-c-k-c0x00ffffff-no-rj,,,26800,247
UCXtE168z7GAxYKAIHFOgm8w,TIFF x DAN,2020-07-29T23:02:31.795864Z,https://yt3.ggpht.com/2hfNu4OGKvLJn514o2sUNpxDoYe6WtCSKe62ZppGqjnAjhalHRTtuQrbMgYdSxiGxamh0WZi=s88-c-k-c0x00ffffff-no-rj,,US,1080000,1020
UCLDVvZTCoRXODxjBXylpHBA,Cookingforgains,2017-07-28T08:22:02Z,https://yt3.ggpht.com/Y1i35zEtZVVC4M9CDr3R3d29yfWOWQXaXaR1Mz_fkKuDc3xjqlb3F-AcL3mydn0G8sDYbsH1DMM=s88-c-k-c0x00ffffff-no-rj,,,487000,252
UCbj3KAU13TdQMf1cSMp2biA,Sarah Morris,2015-06-22T16:26:21Z,https://yt3.ggpht.com/P09PWp3oDpf9YdbME5b4Casyl2p9bv-WGNx8JI8VIHFirFNvoPO5XtJnFo12zItvxpBFKSMjEw=s88-c-k-c0x00ffffff-no-rj,,GB,43400,1048
UCd8sdpZhDOqoBiwvsSrwrkg,Adam Frater,2016-06-23T20:08:07Z,https://yt3.ggpht.com/ytc/AIdro_nqf9UjABW20SdDUvRjMciPrl_UlCThZ-Qx_wc5DH69DSw=s88-c-k-c0x00ffffff-no-rj,,US,1080000,268
UCZUUZFex6AaIU4QTopFudYA,growwithjo,2015-10-17T16:42:27Z,https://yt3.ggpht.com/csnd89Ra54iqQFsDxMDTYAFRFjcNpj9igLHKhah8qdIROxkPKetGHDhtetoDjewQSfLNvKwf5Q=s88-c-k-c0x00ffffff-no-rj,,US,8420000,554
UCXgBuLBsKPCduCQ-etZl6Jw,Alex Solomin,2011-10-25T03:51:43Z,https://yt3.ggpht.com/niHjU5X8bVt4LKxXk766gWdWcod3zAEnYM3IomJw9z81pfB0-55z3_cAFn2BJjx-tFBPo-15YA=s88-c-k-c0x00ffffff-no-rj,,US,182000,1129
UCGsmFcAiVjYJRW6BFqAmAqw,LeoMoves,2016-09-13T12:19:49Z,https://yt3.ggpht.com/fc06lzncMPgZ_5dlX4Hlhkp8oaE_piShIQRLTeAbpNo5TB6HUM34R3QC1lZgyMJ-2evCEI5I=s88-c-k-c0x00ffffff-no-rj,,CH,564000,823
UCALm21WfUxhtlghNPGDZgPw,MyHealthBuddy,2017-01-02T01:57:15Z,https://yt3.ggpht.com/79PU0Tmyq9CaAYXhrFcYQqgygY2sc8zUZpSA_haou3KNYkb6ew02iXtRIT5bQejcB-JJshVr_w=s88-c-k-c0x00ffffff-no-rj,,IN,1270000,1615
UCPhZ8nmPCWhvZbyaFzZ83NQ,Ashley Hetherington,2018-05-10T21:02:38Z,https://yt3.ggpht.com/-BYyFFliLm3vo4OqEyxf8elJHYK3KIZciQbJ4rKskyTeYytCu6s7iWTDWdvxPVlehq4qwJcOTg=s88-c-k-c0x00ffffff-no-rj,,US,882000,3837
UCuJ0vNyhpIUbsH-tZgS8z_w,Liftwsarah,2022-08-09T19:51:44.892653Z,https://yt3.ggpht.com/AWXpHXh2IO6SyxW1OcqkUYHya2yXb42OhXZ0KAjt5a78QJgKj5hKteoab_cNdVkrRAcq0Kf1pA=s88-c-k-c0x00ffffff-no-rj,,,218000,960
UCuM9fe_QPFMTJT3uQmoNMFg,fitbymik,2019-10-11T18:45:12.239198Z,https://yt3.ggpht.com/ytc/AIdro_moD9TpiJZE0Ws6vboeOkGp20ul-8OTkxWgc6faIIow5sw=s88-c-k-c0x00ffffff-no-rj,,CA,1190000,306
UCAk_loXdoKqPXwnTMmCuDeQ,LenaLifts,2019-04-29T15:56:12Z,https://yt3.ggpht.com/X26ZzHYb5JegaNJEYXXO4YWQY51QJplf2fjK1F_HkDt5BCfEUXVmwHn2U2YU5XgDOvt7WLvZow=s88-c-k-c0x00ffffff-no-rj,,US,1350000,364
UC0TiAs0llJVv07HmTkLLVsA,Ahmad Noori,2020-12-07T13:33:00.991155Z,https://yt3.ggpht.com/IpEuo3MhaezyTBdFtwb-r_qWvqnVzIfONdPxRH9tq05f4pEGTxCmDkONNAJ4JeVqVYYWHgtVXg=s88-c-k-c0x00ffffff-no-rj,,RO,1050000,367
UC_nfjMmJlJXrhl2xbP9wgRA,NEXT Workout,2020-01-09T21:16:34.794195Z,https://yt3.ggpht.com/ytc/AIdro_mk3yo82_awhlpLR_T5x0eMKzC1SOJc2ow_mme15RPLFg=s88-c-k-c0x00ffffff-no-rj,,US,2880000,242
UC0r_-7jgl1yl0oWzGEJ6o3w,Browney,2013-05-17T14:05:47Z,https://yt3.ggpht.com/cnY9WG_i41XUfEW4AKRXv0Awk0NdT5Qvhe-9LWa0KY6YTtKk3YP3JCpYc_OV-u0mnH4RpbZqfQ=s88-c-k-c0x00ffffff-no-rj,,US,11500000,812
UC12FyaOeT6KcrdKa9Unvk7w,Samir Aboudou,2020-06-22T12:21:03.769989Z,https://yt3.ggpht.com/46d9SM4iBQK5NugGFZryN74Vtwy5jzxGdC0I31f1W48g7z2VB7Ho0_6TwDA3cuHebPKxD_6fgg=s88-c-k-c0x00ffffff-no-rj,en,US,780000,1218
UC7YRG-UbiJdBxwoXE_ot08A,Scheereddzz,2021-12-08T17:09:59.172839Z,https://yt3.ggpht.com/pQ3zAehGlsa2ZyNRhZFHNEmNInpjrMM45avR9Vep-lkBS-11Ma8-_jOCVCerzCPurZTS83NK=s88-c-k-c0x00ffffff-no-rj,,,348000,485
UCiP6wD_tYlYLYh3agzbByWQ,FitnessBlender,2010-01-19T18:26:36Z,https://yt3.ggpht.com/wnfBVvWhYNIpC9fvT5Qc-iM1kbCS5mmodj8J0l79F0xB7LZue1fDeWwyHwZ6aFZy8AAWmTP1-g=s88-c-k-c0x00ffffff-no-rj,,US,6570000,1906
UC2D2CMWXMOVWx7giW1n3LIg,Andrew Huberman,2013-04-21T14:41:36Z,https://yt3.ggpht.com/Y8lhyl8aHY42phxwoAwUqwLGDp-z8nmtj3Z7_JB-Oh4yIZ1OFYb-MlJRuz_oygqsYQU-VgGqiOM=s88-c-k-c0x00ffffff-no-rj,en,US,7420000,468
UCzj7wTS1S8i4yctCQiiOx8w,Krish Bhatia,2012-12-06T14:00:54Z,https://yt3.ggpht.com/Z6gWh-fxxlF3cG_7yUicGqiKwvocirEKowPYvL80vo4kBRdZI_vXXFE_zl59aReYZIizOAkdYqI=s88-c-k-c0x00ffffff-no-rj,,,234000,141
UCcFTOhNUL9yUKh7kTh7vDNA,Vinu Arora Fitness,2020-06-29T18:44:16.64088Z,https://yt3.ggpht.com/YJhKLfdnhkGlbVAWapzhoIRRFokSS0_y469U6uzcoj5ZbhhIe8rdBNxkVn6k-T6Ily35qFxiPkY=s88-c-k-c0x00ffffff-no-rj,,IN,35100,252
UCL6n_lNvI1f5kOks31S8Tiw,Ageless Fitness Lifestyle,2020-09-04T18:11:10.04933Z,https://yt3.ggpht.com/ytc/AIdro_kqCwo-YIM3vkjXLFcEm4TkxvQL4Zzz8UsH5CCX_AAZ4Q=s88-c-k-c0x00ffffff-no-rj,,,63800,675
UCqKKjPhoRMDGzZVG-jJ2n2A,Adri,2022-03-24T21:24:07.778446Z,https://yt3.ggpht.com/yt0grJYSjHEbvYKPho5f3naErxX46HJg7LK3eaxaThFiCqiSLvz95hD0nwLVc_CqPboeqIDLsg=s88-c-k-c0x00ffffff-no-rj,,,84500,140
UCrCRMKwXKvH5PN_xtk2o1BA,Jalalsamfit,2011-12-15T23:27:38Z,https://yt3.ggpht.com/VIQCshEmpWbkBZm_K06iNIHLuKxVXN2pfbP07nalPPxwmSpsuYk6LXAH-0yTtcHSXEfRyNzhjA=s88-c-k-c0x00ffffff-no-rj,,GB,1320000,389
UCcBbwZNe1l1wjvWkea0ZMGA,Sorta Healthy Trainer Education,2015-10-28T19:00:01Z,https://yt3.ggpht.com/V17pYWK12cLCnITKa9aw6XNk29ShtEEgTGfVbiuQBciYpQZnpltnsI8fa8_g9NE-S4-RIIDnuQ=s88-c-k-c0x00ffffff-no-rj,,US,99100,250
UCy0-3xdx7dTXMYmJc1jMbBQ,Buddy Fitness,2014-06-16T03:24:53Z,https://yt3.ggpht.com/fSwyPrwAryoPY30_Oc0E1ZqpZ3AIBSErX0WI-jwy7cf_DiZId8BJYm6SX4IUkg1r2ivy7xqHBLY=s88-c-k-c0x00ffffff-no-rj,,IN,572000,39
UCUPwPMjZAM5LNB8Fd7M5b9w,Magnus Method,2020-09-10T18:58:26.773981Z,https://yt3.ggpht.com/ytc/AIdro_leIOGq24TlSk7TcRzfvuRpQ6uF--ozH1q263m4P-MaZg=s88-c-k-c0x00ffffff-no-rj,,US,309000,170
UCt8w-7d1EKf4F4qiuj_NeUg,Dhanush Amin,2021-11-14T11:50:28.428313Z,https://yt3.ggpht.com/vqsKklKMmWggTy_fEImVywq59UGa7cSG9dv3-dmhcBOXAiBFF3Wd3L9lAHHvl7tFfUlXUxPg=s88-c-k-c0x00ffffff-no-rj,,IN,834000,512
UC7-AdIT2AHwo95LdQpJFdVA,PCOS Weight Loss,2019-01-19T04:24:34Z,https://yt3.ggpht.com/Tph6R2IDXc8dZFcOYcp1Htg8rguzkIqr4n6jvbR1JlSmAH73GQt5Ni3wV5vCHs7NCTb4tgXeFA=s88-c-k-c0x00ffffff-no-rj,,US,375000,805
UCz8X5F5Zp18WS7vdW0jwVIA,Dadacafe다다카페,2017-03-30T18:17:30Z,https://yt3.ggpht.com/BUhaRofxE8tmDKWPPal8BmF81weVS0iKge4mqvqT_WfcNDP4hMfbGR92uqRFDtEApceMWhSD0g=s88-c-k-c0x00ffffff-no-rj,,KR,601000,255
UCe072WU1CTmEZhkPS4bM6cQ,Brandon Carter,2012-12-02T23:32:37Z,https://yt3.ggpht.com/ytc/AIdro_kXEvIlKIfVFunkanpqSuD7yJMLzlbL4v0JZ8HD1X8wM20=s88-c-k-c0x00ffffff-no-rj,,US,1250000,3745
UC4tAgeVdaNB5vD_mBoxg50w,Allrecipes,2007-09-24T01:05:11Z,https://yt3.ggpht.com/ytc/AIdro_kbMMelLXlcwPGEbCBEoHi8CWZ5LYKW0cBX-3zEFIXIegGc=s88-c-k-c0x00ffffff-no-rj,,US,3140000,4873
UCa9-NSkOksppth5zJ9BazxQ,Vandana Garg,2011-11-01T16:10:04Z,https://yt3.ggpht.com/1mXCYA3MpwF_Wq4SCgIoPv64hmhRW36FAzNNZz2pX4Sp7qGiZkwiW30lQpbx0dteMYseSOcxrg=s88-c-k-c0x00ffffff-no-rj,,US,10800,379
UCXxIurzUx2ztE6D5IzcyTcw,Love Sweat Fitness,2014-01-02T08:13:59Z,https://yt3.ggpht.com/qaLtLyVPzjJHsNQZvMQiDCRE8We0ULVTiONBTQpyI2PBsXCmlSmcef4FWduLYHOrsJaeoGkbvQ=s88-c-k-c0x00ffffff-no-rj,,US,859000,947
UC4Ptg_BUXB8eSdMG2F5aOrw,Quick-Workout Nation,2025-05-02T07:30:25.239248Z,https://yt3.ggpht.com/cApatu7uALjsR3dwCrytcAHQ6xudfkg8P30kbRc7kYs3Pa_EpNq6gqQ4vqHoHTToSu3poc5dCQ=s88-c-k-c0x00ffffff-no-rj,,,13200,216
UCsEmkNdR_HQ_INJd_M9lULQ,The Golden Balance,2018-11-14T14:18:26Z,https://yt3.ggpht.com/JA4SHJG0wkJ9nlksLsGrduuwpxezBn3fyGgCznDCqaEdJoFL2qM2bWtsrWQonmnaM25OQ3uSow=s88-c-k-c0x00ffffff-no-rj,,,3430000,1030
UCoOOUuv8SlOiL0wZPOc-p4Q,Kaizen,2016-05-12T10:49:38Z,https://yt3.ggpht.com/Lu3m4GHaXEEMzNN02iheOn2ta9XkTEwng9oxnWJ-KtvwpXPWjkR1gRSmyz3PJaNYZul_OR-OFQ=s88-c-k-c0x00ffffff-no-rj,,PH,35500,47
UCCy0lyXW4dxr26rZmnBVSOA,Chris Tang,2021-10-30T22:05:14.403786Z,https://yt3.ggpht.com/2p5vTykkI-Win17pLxOTN-XmCf3lJZhl4rEr_PjfMPx8Ri4zIQVcoXankQ0paP339BieL_elZIM=s88-c-k-c0x00ffffff-no-rj,,HK,55700,97
UC0svgcjc3jSgcryqo83spPQ,BetterMe / Better Me,2017-12-19T13:33:24Z,https://yt3.ggpht.com/8sQHvSlqdwJmH7Joj24gZ18ObepT4Q5sOSy3QA3VHKNUgc1Na9H15OcjrF8sh-VIiu0yqxje=s88-c-k-c0x00ffffff-no-rj,,US,375000,566
UCN5Zx41Q3YBVjhq9RgqmTGQ,brockashby,2012-05-08T02:58:33Z,https://yt3.ggpht.com/GyWWYIA0xCzJ3iQGyaYOtLUJB1HjlVjXimkkCoUU4joZqE32qatIJw-6MJ9aK7P6xRM45sjH=s88-c-k-c0x00ffffff-no-rj,,AU,33900,1169
UCrGzF9c_xGZmew4ImfpKQOA,BEAST MODE,2025-01-19T10:33:19.459346Z,https://yt3.ggpht.com/lm9gaFPrDHhgcttP4s1fhnhZytOvn7VrHHDSFdR-yxZ0hYHm_tRVOHER7qJgHxF--gQ1O6LE=s88-c-k-c0x00ffffff-no-rj,,SK,30000,271
UCgB4AntgMDXnkSLYX8R629A,The Fitness Center,2021-08-03T11:46:05.936263Z,https://yt3.ggpht.com/pOM1mP2YcvWfRA4PJoD9HjmR2KQEQhD9lofxX4eYLAhJnVOx6zgfCUGWXR41Sd5kBwJIs1_Tcg=s88-c-k-c0x00ffffff-no-rj,,,25000,1298
UCr2QF3zsAwLID2Z582FYiyA,Petra Genco,2012-10-18T13:55:16Z,https://yt3.ggpht.com/B5JlsG3llvCEJcnSdMXphzQ50sewTuXXE33l28JJkNPOY9ePv-GFwRjr9sf2to0DmWMu4xxv8A=s88-c-k-c0x00ffffff-no-rj,,AE,924000,1133
UCBFc--hZlA7MvH9MdwA2xLQ,Sunny Health & Fitness,2012-04-25T18:20:37Z,https://yt3.ggpht.com/3RdYbKHOulAuXEpn4FjuHs6nfB491g4EkfCGF4N53egvtdNB3R2o0CAYSINuwIvZ_SRcvkIv=s88-c-k-c0x00ffffff-no-rj,,US,210000,2766
UCwaPTAgqVs0NgbjYgIRWSPA,Davis Diley,2016-12-04T20:07:22Z,https://yt3.ggpht.com/ahBzj-Oqf0xJiFBUATn9LUj9t6he-ngsZzO5Psw2DUqcAzWsdACPL5dlAteB6fIlfcIklmjW=s88-c-k-c0x00ffffff-no-rj,,US,2670000,183
UCUcXMdWVIJzi53l5LnF7HoA,Kettlebell Solo,2022-05-10T20:31:02.87892Z,https://yt3.ggpht.com/F51vDr76GzSq-NOcIjKDea81vQHqs9ecTQa_mZqsBr4dQxIzB87EAoBiPLoUkXle9-EXbITiZw=s88-c-k-c0x00ffffff-no-rj,,US,6240,527
UCbi8fPG8WwK7AfA4riwLO7w,Sahaj Sandhu,2021-09-27T19:55:12.085474Z,https://yt3.ggpht.com/juZIFkIQ-Bw2b3bwtfj72Ww2DlRx67e7j2IXyWT0udC3NzbVmblLX4UxInSQ5O4JJTauGpI3=s88-c-k-c0x00ffffff-no-rj,,,255000,270
UCYz_Au_UTbenuIeQBFHnu3g,Workout With Roxanne,2020-03-31T11:09:05.612262Z,https://yt3.ggpht.com/sqI3xasWlLHNEjiFPxkBwdyTQAWxmU2PEnrTKrx8eQxV-lUZg9BVbFsLIOn-H3StqP77qG3BhQ=s88-c-k-c0x00ffffff-no-rj,,AU,266000,843
UCk2U-Oqn7RXf-ydPqfSxG5g,Mel Robbins,2015-02-11T22:17:42Z,https://yt3.ggpht.com/0k8TKNmLHIMquCtAvJPHB8u1Uy1vzb89aYghWZY8CRtKOkfMVmTBlUXvW2GoA3nTpVnputYuJw=s88-c-k-c0x00ffffff-no-rj,,US,5360000,1295
UCv7La3SM647GyBID_8wpuow,Toasty Apron,2023-02-08T16:57:04.373665Z,https://yt3.ggpht.com/UP1Ws9haB0zgDgFdh0Pc6ThVXG-Ke8DtLkXf7KMzjvgMBwGAtVgOt_qGrgAB0LQgoCALGPM5EGc=s88-c-k-c0x00ffffff-no-rj,,,258000,31
UC4514FwdRy5gI6CdC9GPb0w,Chris Bumstead,2011-03-05T00:47:30Z,https://yt3.ggpht.com/eOFGdfKBfeSmeEo_BLGsXiBnhzXk1b29Z5S7NsMxfgjiJR4DRF1FiCVNg3EgSTJUwywJBCKEcQ=s88-c-k-c0x00ffffff-no-rj,,,4560000,1141
UCFVUQxd5jRwTm2WdA2sat7w,Keiani,2015-09-27T06:52:09Z,https://yt3.ggpht.com/kC4PTzlT1XcLq7fDmPzsbOYaHhyszqTU-vXhjYf61JjydHz42J04N4cl2XCRqOlWRw4Zk7I4qQ=s88-c-k-c0x00ffffff-no-rj,,US,943000,89
UCbk_QsfaFZG6PdQeCvaYXJQ,Jay Shetty Podcast,2020-07-30T18:22:42.155606Z,https://yt3.ggpht.com/FPk4BUkb_OaCmCW7oiBaFWo4e25JqPV5mMWq3GMIGRBKikyGasog1d49He-fu16BlB5oSpXWaA=s88-c-k-c0x00ffffff-no-rj,,US,5380000,2146
UCDUlDJcPPOOQK-3UrxEyhAQ,Roberta's Gym,2015-04-10T06:29:51Z,https://yt3.ggpht.com/ytc/AIdro_lrnw9xyzZYIuaFSVC7ELA9aHCrvjRASQPoeTNhoS8tFg=s88-c-k-c0x00ffffff-no-rj,,GB,6800000,2679
UCVGzizTB6c4DkZUzINd8gMA,MDJ FITNESS,2022-03-18T04:19:33.187021Z,https://yt3.ggpht.com/_IoKEhRgqJCL7DFOroYC7chXa8bWjW5CHYtVbIpnzJsFwmhp95SrOC3uonJ4uL9iOZ_MWqaf9Q=s88-c-k-c0x00ffffff-no-rj,,CA,833000,575
UCs85WqgJtpJA2tW1lOwO02Q,EliteFitPerformance,2018-12-19T16:29:49Z,https://yt3.ggpht.com/4pj6NBtxF8pKOqu5_IXJULZFUMFH8oijvsHnMthFP88WeBgiZ65bWuLa8ZgGTYMAAihF-HavcBM=s88-c-k-c0x00ffffff-no-rj,,,47200,677
UCeqVN6OVq-wwz43BS-PxIyA,Broccoli Mum,2011-12-09T23:38:58Z,https://yt3.ggpht.com/fbtVVV8ZpjeyM7DeC0OOCIErPAVn-oDUemTGl_0GLMvxhaW_mSzK2FGutdJSWhAXaoj4bpY5jaY=s88-c-k-c0x00ffffff-no-rj,,GB,71400,611
UCnAGraeYQdWzlhWDk9KZsdg,NIDHI DEOLEKR,2014-06-24T14:10:46Z,https://yt3.ggpht.com/dIUHxrzkb-oaxW2YH3qxMJ1LHvLQPc9R8SNxojD6NYZ5C6dlY3cQ2Gu-eu8w6QFxtwapQsbc=s88-c-k-c0x00ffffff-no-rj,,IN,280000,356
UCq9DI1Mv2m-bCNL3tsTYRaw,Ashton Hall,2020-04-19T09:57:34.433822Z,https://yt3.ggpht.com/uW5Tnka-ATDy-3leC85jh7E7oCvXdSdBJaN_Gw-ebvdE6rBdWztDeApl9iENH3Ci4vCNPU9v=s88-c-k-c0x00ffffff-no-rj,,US,5060000,539
UCaLs2Nr6kra2R0fhZ6GfDGw,HungryHappens,2014-01-02T00:56:17Z,https://yt3.ggpht.com/uuk0pHNJyuMNmcuQWy85FMdaAHYe8iZItJepBSRX2XKwXYrVy_2OrWC5N-z2jNNLe6egvRok7w=s88-c-k-c0x00ffffff-no-rj,,US,833000,682
UCCxODoxXrgy7298HxKJ7s0A,OmarHybrid,2021-04-04T16:40:36.893223Z,https://yt3.ggpht.com/nmWill0MiqKxgVrSHbNOnSrJDbCEwGSeDVdsttr6hJXX7WbqP0SDbln6vTbIu7CyDgSg0c6x=s88-c-k-c0x00ffffff-no-rj,,US,44100,1256
UCDpvJeTAaQ6FlLLJXGPUm9A,Aditi Singh Rathore,2022-07-19T17:24:48.393009Z,https://yt3.ggpht.com/fJD1AgGaU8Py7FbPvHp3TN7q7gOawFCnmF1hhitzvNI1qSZ0999X2L67ChawJi8yZRrZMhzozCg=s88-c-k-c0x00ffffff-no-rj,,,33900,312
UCCtiJ7tjhW45aZey4apA5Bg,fitgirl,2023-01-08T12:22:02.352545Z,https://yt3.ggpht.com/6PIyBpUKIOyrzL0sYwk13yLMqbX5SxFPS_WjIoTWINxxLo_D6TD97kyP0XEqNPZtUDttyJBg8Ww=s88-c-k-c0x00ffffff-no-rj,,IN,440000,325
UCIJwWYOfsCfz6PjxbONYXSg,blogilates,2009-06-13T09:05:48Z,https://yt3.ggpht.com/NYyAnS-I2cNkngfiNIkug8JOTGgjqbm20dr8IQTpf4WBMDB72AQDnj_K3ob_GHHLy-0DM4DB1A=s88-c-k-c0x00ffffff-no-rj,,US,11000000,1467
UCi_J6WNj99ro-9cPZOUrf8Q,MrandMrsMuscle,2016-01-17T20:49:02Z,https://yt3.ggpht.com/I_Woq-fbaTX983bL9bSKO8kSTdmQQaFv3Cy6azJNFzvNCQXd5aVcWvyK0skl9tWsdw2lj4rJfWw=s88-c-k-c0x00ffffff-no-rj,en,US,1620000,986
UC1waY0p35rI-1b7lnGI3Pyw,Aviva UK,2009-06-22T10:24:19Z,https://yt3.ggpht.com/fU7eoYudnl8ZyIoobobPGB1VC74pXxqprq3JYp8fsTrred9s4BMH9x4JF4ZKR5gm3KZzDdWOaQ=s88-c-k-c0x00ffffff-no-rj,,GB,8700,230
UCdbc9vloklOgt-fnyyLDoNQ,essy cooks,2019-12-10T17:55:40.812489Z,https://yt3.ggpht.com/880WpOqFTiszDu8MXaafyWRPUOA7GsL00wvrDZ5mO1c0SuSCRBh73EFVwYE51SFztmK2ijoxow=s88-c-k-c0x00ffffff-no-rj,,CA,11500,718
UCEp6eFF8sMmd_Gi5Hn6ws_g,Alex’sLife,2023-06-22T06:24:41.708549Z,https://yt3.ggpht.com/2NaHyJzzfIIXNbEMhcn9DG8_NHsZFgEIrVvtMyhQEYwp4LtRl-JzjW9bNhc1tiVl32xJMqXUFQ=s88-c-k-c0x00ffffff-no-rj,,,2410,314
UCupsC-DA-BbmnrpQMMe9MfA,Dan Petcash,2022-10-08T02:16:07.292136Z,https://yt3.ggpht.com/5G7kOXYYcpr9FFeiPPY0vCXNaTsl-TCcgNIFN97ZsJ5tYb3giwDG_9rHdFyWE1ZDG9boP-Qrt1E=s88-c-k-c0x00ffffff-no-rj,,US,42600,872
UCGXRegKvroyGv8HbN35AjKA,Sean Nalewanyj,2009-06-10T08:09:45Z,https://yt3.ggpht.com/KaT_PTZLKPp3nKFJMQbZWLDyhQRP7vTRhi44ZeL57DIx0xjB9gp08eNBk2AQWoFFPZcqzhPy6A=s88-c-k-c0x00ffffff-no-rj,,,1240000,559
UCXekTRdroUx9ZCtEdgoZ8vg,Nutricionista Andrea Urizar,2016-11-15T23:21:43Z,https://yt3.ggpht.com/365wDs8Mg_jc9GdrJCAlGX6jBPB4m1keRti190QpXkZbJK90abh0kr9CrpkRDiLkpSy8rZ6Frg=s88-c-k-c0x00ffffff-no-rj,,ES,51500,632
UCCMAz1jZ4_IyhthHk23EMJQ,TIFFYCOOKS,2021-07-24T23:46:12.599739Z,https://yt3.ggpht.com/TXNPZqX6ChI7_1xXOOyBqLRWWd0FY5_R52INIZGVXGVNAs-azOVNEuTOBtxneQcOInepEczi=s88-c-k-c0x00ffffff-no-rj,,CA,1880000,686
UC97k3hlbE-1rVN8y56zyEEA,Bodybuilding.com,2009-02-02T22:57:42Z,https://yt3.ggpht.com/2aUg27l9Xsv5wJFiSwfD0wu1sGXvWFBsV5ds4e820LsL8b2yP8U0dm8s4uVDGNT8Gr7HGUeAIQ=s88-c-k-c0x00ffffff-no-rj,,US,6060000,4078
UCr1PC384fLPw5PxyXecQDTw,The Happy Pear,2008-01-05T13:09:49Z,https://yt3.ggpht.com/pevdlxh1CCH9QP0LqnvkuXs6rNp98oxp6Q7lBdIh6nc5o5rnVs6XdPaKCPwDYNage_HUYAo5Kg=s88-c-k-c0x00ffffff-no-rj,,IE,600000,1304
UCeVsTscYjH7KtYjfHAzNl5g,growwithjo Home,2021-03-24T13:15:42.490926Z,https://yt3.ggpht.com/bISWBCaV7eIMyf1mFmqWD8j3Ti9m7kDLso9GuXoErANjsek4e7GKGBe4WWLu_9KJ6xqwC7qcMQ=s88-c-k-c0x00ffffff-no-rj,,US,434000,222
UCV3XJz9E73P07hJCLjcJUmg,Marvin Achi,2024-03-27T20:22:21.313161Z,https://yt3.ggpht.com/jGo1jklB_F-H3W-oK-NPMe9rStEbkLXY4FUE9R0U8Z9rmgCX9sGN5O2h-cFhe_f1w-EsclZlhw=s88-c-k-c0x00ffffff-no-rj,,US,2190000,168
UCTsM1dSAiXqiV5oZjuNw_Bg,Lilly Sabri,2017-07-10T17:40:08Z,https://yt3.ggpht.com/dN4rbfig_zArwwsGO0JCZCcAZfVHHAnEyVena6biGaVxADcvLzcSFE3GXS22VyKWyHC6GTMlc08=s88-c-k-c0x00ffffff-no-rj,,GB,6600000,1507
UCeJFgNahi--FKs0oJyeRDEw,Hybrid Calisthenics,2020-01-03T07:33:19.456841Z,https://yt3.ggpht.com/ytc/AIdro_lHDTeNbNPLCIuChuhtXjCMZ6S6UQ6nPhDKewcrZj5i1Q=s88-c-k-c0x00ffffff-no-rj,,US,4450000,698
UCrq1Anu8Kqd64qnuJW8-Ttw,patiispage,2023-12-01T11:47:33.884465Z,https://yt3.ggpht.com/sy4o3P-_Az1q50I2LBOkpKxAux8Km7Ux9w67efZdZ3ippcmiyAxUL7tDAy8m5-0x5ofAknSz=s88-c-k-c0x00ffffff-no-rj,,DE,247000,329
UCo8Pn9wIgqWgsgw35h2HKdA,Nicolas Berndt,2023-01-14T16:07:56.276714Z,https://yt3.ggpht.com/Nocpaj3XzTixS-Zy7uBjdjXmuAADyoVGzF1ACIJ_B3ic6uRxw1JqDfvytb7ZwVMonKXm-LkDjA=s88-c-k-c0x00ffffff-no-rj,,,512000,71
UC7urt-oXYb5QCES9gMqtilA,Evette Renee,2015-08-27T18:48:14Z,https://yt3.ggpht.com/sLWFmI-1VdU28adNwgGWL4r3rtRxQvSdctVE-hlfiN6MYOKF8kiPB0kj19Okhs1UyPkhTU3o=s88-c-k-c0x00ffffff-no-rj,,US,337000,316
UC0rEJ3mwhOTB4Y6ThdDaMIQ,Miranda Brady,2016-10-19T01:05:32Z,https://yt3.ggpht.com/FPBRNC9eejlA7Ololv0uCd7e5Ft6AyQXvmniP-sN9SiL7it1tpUUfuSfvPYsADMqvoQNd7_sbg=s88-c-k-c0x00ffffff-no-rj,,,40500,128
UCIxcGcfSaC0p4Vul_7STr1w,MaLLu UnToLD,2019-10-24T03:51:05.445069Z,https://yt3.ggpht.com/Ug573FXIvLM0Mc3e6oOVxRhr-IRV86rPpQNB7RSx6Bi2Px_SekbOIAein26SPGUSt6zfIl3w=s88-c-k-c0x00ffffff-no-rj,,IN,305000,193
UCo1bpycul1Xhpbo3gkhBBww,CallmeUche,2013-11-18T17:56:12Z,https://yt3.ggpht.com/0mpQwKyv1npvz04XJM3pUeLGGPS79DfGqZ_7mHfw1R_KMUa2psEfNQf2dTPeXuWSybIDesm-=s88-c-k-c0x00ffffff-no-rj,,US,248000,236
UC8kGsMa0LygSX9nkBcBH1Sg,Peter Attia MD,2015-07-24T22:31:30Z,https://yt3.ggpht.com/zT1Gb5jp3qkDrtFTNUL2fWJC1I5OddFUGvJhk_frSuSQGVm6yr_ikpNO-4pXZERDHwqgX_0tLw=s88-c-k-c0x00ffffff-no-rj,,,1030000,1765
UClrYuzsxFYhYhumQHeiJdFQ,SquatCouple,2019-05-04T09:37:42Z,https://yt3.ggpht.com/PAmsZXZX0ob-hXhgjjeE8RiLY6NBbqXoJx4Qtx2tLPrdRzfcs9IRpQCasOBfol3ur0QOOQXu=s88-c-k-c0x00ffffff-no-rj,,TH,2450000,1421
UCAo68fdu-hYfgO0y0n-J8qg,trainer winny,2023-05-08T13:59:34.550989Z,https://yt3.ggpht.com/G9-maxas7v2jYTl8ghWDWSrbjKnN1vQmoP6b7MKrGkgybyaGA9BL0Rj_WAGUz2f4VSSHM377=s88-c-k-c0x00ffffff-no-rj,,,869000,132
UCAbKLYEuTR1riockIgAWBiw,Sarah's Vegan Kitchen,2015-10-05T20:27:29Z,https://yt3.ggpht.com/_sroG0fOLDL37JFAa5vif_ypoUEfGhyvGNlBHrqcCqXortjHT_AM89aKmlK63HStwepOD5s=s88-c-k-c0x00ffffff-no-rj,,US,536000,381
UCXfG0U6hOyht5HFX2s1gT8A,Jordan Morello,2015-05-17T17:06:25Z,https://yt3.ggpht.com/rcOKMpCeR0fiYG_0T21we8qMwO10YPur3GjnTMve8GLZCwgcWNZ69C0q2h1TgXJ-68FtOa0a=s88-c-k-c0x00ffffff-no-rj,,US,152000,773
UCxI4GX-5BvwGp_Bejs5kypA,Matt Santos,2023-04-27T02:26:40.447644Z,https://yt3.ggpht.com/GRm6_J22IO9mDdLaqk0dH3kKCqofEm6U_1jaz2CtcEqvltSNA4vCud90o3GnvhCu5SmvYAIatQ=s88-c-k-c0x00ffffff-no-rj,,US,112000,681
UCZIIRX8rkNjVpP-oLMHpeDw,Calisthenicmovement,2012-03-02T22:39:37Z,https://yt3.ggpht.com/K7DNFIcoXfvlRhryRDi3tVBRCQFfW-XeY5zoHWriD3LWsEcDIS_o5k3OOr4TMLNbtxCajP8ufP4=s88-c-k-c0x00ffffff-no-rj,,DE,4270000,409
UCkmw8JgDZy3NAyHEtUGpdhg,Shiv Wilson,2022-01-03T15:58:11.494854Z,https://yt3.ggpht.com/Dvcs9H5Sfn6UfLEpD7cs7tWa6HjPHrAWZ3RaVFjRqtnffbayAjCXACTijj72HL09Aps93keM=s88-c-k-c0x00ffffff-no-rj,,,284000,277
UC4yrmbFQJFOL9Cyj9yux-ew,Alex Crockford,2014-02-04T18:14:47Z,https://yt3.ggpht.com/nOvRMwPYuZtnbVvfZWixyGSCfjE8Eqa4FFXwE4FdpkXqI7e63_rPypY-OWqA-8kLMccWxNusa88=s88-c-k-c0x00ffffff-no-rj,,GB,403000,1154
UCGCbVHSHRQuFf_rJQYRAk0A,LARK,2023-10-22T14:35:53.197776Z,https://yt3.ggpht.com/Kze9KS8KZ1DKvR48HjhNL_jRgP599QN5OHbhxQ_8QzAbTa6oNusCbUOlEIjttusL5VWrxW-g-A=s88-c-k-c0x00ffffff-no-rj,,,2480,180
UCoa5ojNBRIMesizzinT3OBQ,Cheryl Coulombe,2020-10-01T20:39:50.569889Z,https://yt3.ggpht.com/CG5YZnKRa2Vgktg7uwJkomxTe5eqJDpqhRAzvr8yxx8wNqyDNQIAMxR_NSg_MRhl708lWkyY=s88-c-k-c0x00ffffff-no-rj,,CA,578000,465
UCcaWyZrrxMaTKtVDkexK9Ow,Nobadaddiction,2020-04-11T02:08:47.282881Z,https://yt3.ggpht.com/mvT9xMxZjT3bUxsWb__PBfiLKKTAFP3usFg488e282i_8-q890Ya0nc-7FOn-aJZvI5RVtRm=s88-c-k-c0x00ffffff-no-rj,,SE,1630000,719
UCm3wLV9YLsT_3QxsSXTkfyw,NITISH YADAV,2018-01-29T17:50:04Z,https://yt3.ggpht.com/SPKebjIxvZP7-TvtyWX7wqzHX1OF53-0wf3oFk6InHGev_PhyfFTXCMUAc34zbBG2rL5srSQdQ=s88-c-k-c0x00ffffff-no-rj,,,50900,366
UCbtL081gMwgoxn3Oz76PyBw,So Vegan,2016-11-14T16:38:49Z,https://yt3.ggpht.com/ytc/AIdro_kM2ng-KZ5-MBhzFVp_KVQOob4_emlA-xAJG65xz5O5VpQ=s88-c-k-c0x00ffffff-no-rj,,GB,76700,297
UCatNYjvtrlV1JNnxwJEhfnQ,Life is a Special Operation,2017-03-18T12:02:02Z,https://yt3.ggpht.com/ytc/AIdro_mW5Z21F7qA-GF2y57A8R7Kw2ts4Otevp5mODH4Wc0uzwQ=s88-c-k-c0x00ffffff-no-rj,,US,380000,305
UCvpDtH669K1a6s0Elmn6OIQ,Doctor Sethi,2015-09-13T03:15:49Z,https://yt3.ggpht.com/m0IVQaXHNka9hB6ar3qa8W9xQ3WbiR40U-y2PIeYLA2Md-zsb5Xgw-JrTb5l1L1eHlfCjPbKYw=s88-c-k-c0x00ffffff-no-rj,,US,726000,881
UC2o4Pcqj2osp3KrbZNlbGBw,BC Kitchen,2019-10-24T04:03:06.305168Z,https://yt3.ggpht.com/0v-Hg_BWl4oCKdoi9xZQONvuzx6g6T5a8HX_lNdZK5vQjjzQWMUktk-D4gW2pkcnl3PkM-N39Wc=s88-c-k-c0x00ffffff-no-rj,en,MY,25300,243
UCHP3G9mWR21e_dZme5-Nicg,"Dr. Janine Bowring, ND",2009-02-28T19:36:25Z,https://yt3.ggpht.com/Q9Wi3TjbSLsZ1c_kP_eb-TzPz7FAsHS2pg-VxYDvqe_iHf3tQALwiDxO1f6T8R1Hn77xab3DEOk=s88-c-k-c0x00ffffff-no-rj,en,US,909000,6456
UCPyPGoySB1bXEHABvenKBbg,shivam fitness,2014-07-23T20:11:24Z,https://yt3.ggpht.com/6mO3IbdHe3KGfsmLVIxudDEODB43FeGA7P9yeK5vizGhOVGcOoCJgjQp0wU4ly59QOce3mXJcA=s88-c-k-c0x00ffffff-no-rj,,IN,825000,1397
UCF-ACPYNN0oXD4ihS5mbbmw,Gaz Oakley,2016-10-06T22:14:37Z,https://yt3.ggpht.com/UQ_bxmUTpko1ezm0ykXf90HJOrBkvwk50gpLWdJj5FMOhOIf7F888oHO8QmtOGJihS5y-htkVx8=s88-c-k-c0x00ffffff-no-rj,,GB,1830000,319
UCZjFDJI4B4l16uujibduMFA,WeShape,2018-09-07T17:54:31Z,https://yt3.ggpht.com/SDJTDzM0XKc-nIWl4FwUoNUBxEMKI5fGqD0mfNH-VS5kl5KnVO_qDGbdUiQDddnZkmR_S5cy=s88-c-k-c0x00ffffff-no-rj,,US,1540000,3017
UC94j6RadHel4oaEze97Ngog,That Vegan Babe,2021-04-29T15:09:20.786505Z,https://yt3.ggpht.com/28WOU2EAzD9P1Q8QvUzIvqsVRfL9iCCw_o6Ky6AVW0k6wglhHzyZ-HKjmbGFyoQNVE88bfKWkQ=s88-c-k-c0x00ffffff-no-rj,,CA,39600,299
UCPG-kUxVpjZWFAJeCwS4cQw,Blatant Reviews,2021-04-11T04:33:41.974404Z,https://yt3.ggpht.com/OrXOqE2eHfSVymcs693TuwaPMloyXZKfq9oGjZ6JRAL7TRhg9bdxNtBnG2DSEJ94aPW5_GcaUQ=s88-c-k-c0x00ffffff-no-rj,,US,3040000,3804
UCC4BuUtogw42FPyZcrsdZzw,Bhumika Kashelani,2024-11-05T09:27:08.687204Z,https://yt3.ggpht.com/aN2WXrrK7WlfsxDOnPtBfZlGiqO_wMziVVtx7UgqrrIZj4_aQk2Hw16pLSGUVubMrBnLU91dvNY=s88-c-k-c0x00ffffff-no-rj,,,5080,100
UCTkUnkBmfQfL4nw7A3t_K_g,Fit Fab Sam,2026-02-19T10:55:49.846129Z,https://yt3.ggpht.com/4M6cp8TMxSxmZIjKaWh4TPjPxKZsDD95qsItarRmz1o-EdHUqilW5sxzP54pgfoGBE6pnQTpeQ=s88-c-k-c0x00ffffff-no-rj,,IN,1570,16
UCFVmPjPhx-XT6-ZVa9Tkuuw,Low Carb Love,2018-02-13T00:56:43Z,https://yt3.ggpht.com/J4k-xJEA69XGPus71TkMtTzRWuENszwZp9ArIfm9zTfWqChSpaA8k1ORA6oh82QusVtPVClR2g=s88-c-k-c0x00ffffff-no-rj,,US,1490000,974
UCogwZImTAZsvbhCZscaWTkQ,Be Healthy Be Strong,2014-05-08T03:25:54Z,https://yt3.ggpht.com/ytc/AIdro_mfkuNbN6oRdxiEZMSEEfjmfpNcq9ic--U8g4bGJLNrgnQ=s88-c-k-c0x00ffffff-no-rj,,IN,785000,473
UCnq1w-56tAvMdDup-CL6Vtg,Bobby Parrish,2012-07-17T19:46:41Z,https://yt3.ggpht.com/bwvjJEiKAtt9lDAhZz0OQRj-jy-KY8jda19Tx0IzieB_g86xOY6uAuy2SexirsUItzKYBc_h=s88-c-k-c0x00ffffff-no-rj,,US,10700000,2043
UCtaNepQqDZc0a-dfRlt7UZg,Fit Men Cook,2012-08-27T04:16:01Z,https://yt3.ggpht.com/BqQzDO5wPgzZZpRFxECBqu5zDadK58RdzI94gC6vyvhv0sJcJzx_tU4tz8M77h2g2T6062LH=s88-c-k-c0x00ffffff-no-rj,,,666000,950
UCoiqVMSWVkFQX99RmrR_AGg,Bernardo Rebeil,2015-04-06T06:12:33Z,https://yt3.ggpht.com/0pbq-uLRL8AWq-FJAsp_BHzkMLXY5asWfA6noGmTRLUJbGgLlfyfGddYKyYR5EoltmTSeynkQQ=s88-c-k-c0x00ffffff-no-rj,,,284000,1018
UC1M6GkZf1kHfZjMXwXu9s1g,Vanessa Moynihan,2020-11-11T01:56:26.405163Z,https://yt3.ggpht.com/FRQyZaIz0f2sbNY6NXHLe1d6B9ZvEJhv_1CrgD8GtGP9uFgpvhyKIJmC95Iuyjltxg0FP7dQSw=s88-c-k-c0x00ffffff-no-rj,,US,2910000,900
UCRFHN6P57B4MqntXD_iIPhQ,Al Kavadlo,2008-03-09T02:37:43Z,https://yt3.ggpht.com/ytc/AIdro_mgS4tBf3bhNs-qEw8LSuvZgMkwlB0elJiob4pnfiCoJC0=s88-c-k-c0x00ffffff-no-rj,,,145000,793
UCZLMr6P2Nndwgtqrv-9VCwQ,Benji Xavier,2021-05-12T17:30:30.804474Z,https://yt3.ggpht.com/Od-12t2BXbcg4RnjmhJaUV40fKrxsf2bbjvSczgJhg3kNhi_vX22wozm0LVNiF3crvKOweNhKA=s88-c-k-c0x00ffffff-no-rj,,,23300,81
UCfvoQmYY1y5U7hNnTaBZaeg,Calla Ramont,2019-10-23T17:46:46.64458Z,https://yt3.ggpht.com/ytc/AIdro_lOpmkF5mfYWrLLS2SCbeHA4L6wN_UZpCYEFpDCa-fALPk=s88-c-k-c0x00ffffff-no-rj,,US,59300,619
UCKfnXDPL4-RmpuCu53vvPbA,Stacey Ervin Jr.,2017-11-30T21:26:49Z,https://yt3.ggpht.com/KSYmyZuXvuUvg_WKFUPrUk-rSJA7CHi3dtK-fapaEXOsit9qjLvJDuRsytLJBJixjTxEvR1HvA=s88-c-k-c0x00ffffff-no-rj,,US,204000,491
UCoNEdsEvbgRjmV1WywA9S0Q,fitness__kaykay,2014-11-21T15:45:39Z,https://yt3.ggpht.com/c7wHXkZ0RX4A2QiXvpObj3qVG-KSQKXjaXfiWEmMi3-MkDLKJ2hXPipMLLaD3MmSv7c96rjW2Q=s88-c-k-c0x00ffffff-no-rj,,DE,971000,1062
UC70SrI3VkT1MXALRtf0pcHg,Thomas DeLauer,2009-11-29T01:43:14Z,https://yt3.ggpht.com/ytc/AIdro_ml_GlO0nSCVbYPSE7TjCdUndPQ5CKEENbMjR2swldSsA=s88-c-k-c0x00ffffff-no-rj,,US,3990000,3726
UCvuO5RHwhsJUbSWXK6w7bjA,Cooking Everyday,2021-10-28T23:15:33.756754Z,https://yt3.ggpht.com/BGrGuSD97r6i734vxRVfmwxuLyDW4nlowg9WkQ21Nlt8kBJSGVCOTA_Jtp1sMzZu4_YrCxjmYg=s88-c-k-c0x00ffffff-no-rj,,CA,579000,457
UCD7CkoRmND0D5pITxaJYUWw,Shannon Billows Fitness,2012-08-21T11:59:59Z,https://yt3.ggpht.com/t_lZp6zldBnVVInk7wtNCIjM8LVlcuFCqw5YDt9CqHw77K3jqzi-oT1I7b5VvCwxsdO79pl1kB4=s88-c-k-c0x00ffffff-no-rj,,AU,48200,1474
UCyNaCRf6Aaljcm9ZWARawXw,RESPIRE,2021-08-13T12:25:27.064478Z,https://yt3.ggpht.com/IFbQ8jjkLOZLukv7yqYKSv-k7SMbPYZ3wpQWHEBTHL99RltEwj0qJ2ESzCgkDi-R6uFeiYQS=s88-c-k-c0x00ffffff-no-rj,,,516000,123
UCHAQNkS00V9BpWttNmZR3iA,Aparna Fitness,2024-11-21T15:18:32.653096Z,https://yt3.ggpht.com/QN9oyqia1jEekN9umjPd7c3akPzCFYL9ZAmD4AP8evG7UaqcS_SkF2gMYGvhvGLQaWK6HqHx7g=s88-c-k-c0x00ffffff-no-rj,,IN,10000,380
UCcvc_j_fRIrEue5km7mEhzw,Riley Rehl,2015-06-05T21:41:15Z,https://yt3.ggpht.com/sOsz6bW92XfyqOxlU5spp3VwR62-xrFKy-S5r0Koy7zAtsaUjwFoAIAJTTDy6wBXo0qauSXD1Q=s88-c-k-c0x00ffffff-no-rj,,US,366000,199
UCE2hIKMrB6Heg3b53NcoeLQ,Joe Delaney,2014-04-28T15:43:59Z,https://yt3.ggpht.com/jdg49pxQ2dOBV0XGlTX9JxlqgWNMHhBTcUl6PTgYtcwEsW4qPHFcNcLV-ahn_hk2BgPr5L887A=s88-c-k-c0x00ffffff-no-rj,,GB,830000,465
UCujB5FFwuEUiuAK8512nJRQ,Madelaine Rascan,2022-12-07T02:05:52.973916Z,https://yt3.ggpht.com/jy80q2s86LvnAgYLIC4aymaOTZq7NJwc7_kxXWkaiWDxnKXBgq5uDkTxoqGjhyX-6-8NXZ-taQ=s88-c-k-c0x00ffffff-no-rj,,,660000,474
UCWii8DoslHCB2MwQjnJWtTA,Fitrose vlogs,2021-05-03T16:25:58.788055Z,https://yt3.ggpht.com/Z8BQpFM8T0AwpJZ6PkBJKDnwS4G9gGNnbrXngp9k9l5A-wcll8kGgLupv9dZtKnht4BVdr3s=s88-c-k-c0x00ffffff-no-rj,,,3720,366
UCi-gw2zFTtLD5evzz_ed-VQ,TRAIN WITH GAINSBYBRAINS,2021-10-10T18:43:52.662851Z,https://yt3.ggpht.com/nXuSU8rj9ivZThmr_0dwXnrDtHz52preAAuF9BzBaQ2HpT6bip4Jkma83CQA-4BQ7-wQb6wML5s=s88-c-k-c0x00ffffff-no-rj,,NL,1020000,544
UCo7KF9COW-cFRtUDIWbhpcg,Live Eat Learn,2011-05-02T06:08:25Z,https://yt3.ggpht.com/zC0-dhmOcI9Kyu5aiGApM2j3QmN8MLU1XG7g31mYd3HgGdIPizFjtb_CSkNE9aCSElQkIZyyXA=s88-c-k-c0x00ffffff-no-rj,,US,92200,1501
UCw-JiCSn29MdBYX5rRxuacQ,Nimai Delgado,2015-05-29T04:20:50Z,https://yt3.ggpht.com/woeEh3oA0KqcrOlZ0sFjEG2iV0aCg8Ijsabd6a8S2vOYx_jaEu4_SCjMuCsRmzQqCXfydZyzIjo=s88-c-k-c0x00ffffff-no-rj,,US,155000,158
UC8ZjzvzviKaR8hmYAoVN1cQ,Gennofit,2017-02-14T02:53:24Z,https://yt3.ggpht.com/ueUrarS_gSKHraTXGRsXOFsbocQncC_prmte7wr_-hpL24J_df3RJ9-CGQYQRkKPdY88kZb-O9E=s88-c-k-c0x00ffffff-no-rj,,US,391000,183
UCDvzuZtali0B3uWzVcwOH1Q,Performance Fit Pilates,2016-04-15T09:48:49Z,https://yt3.ggpht.com/ytc/AIdro_n5zOJ2Sk7m2N7gxz8XfuBabJc6fNYa8gV6BVq292oci1o=s88-c-k-c0x00ffffff-no-rj,en,DE,22700,1720
UCw9lKiE2JZ7gAT1ykv17wDg,Iron Therapy,2025-08-08T10:23:42.320903Z,https://yt3.ggpht.com/WBGxsnLdPlJMdtgnyKl2SD7G7hGBq33LKM-KGKleg20XmFpsw3KfMBomZGffrJosQfk34mn3lA=s88-c-k-c0x00ffffff-no-rj,,,5970,98
UC1CVzH-XVr3E-kTT6D8hhfg,FitnessFAQs,2010-01-08T05:04:20Z,https://yt3.ggpht.com/HkN5mSHhHGpPtTmcsY7_l8nSfqQ9H8VclKE_4Rra_78fPbwk1uxHQ8_mOwaEVmFveLUSqprbUQ=s88-c-k-c0x00ffffff-no-rj,,AU,2190000,1708
UC1nm4xrRgYdarG85AEo3egA,Jackson Carey | FitCircuits,2024-05-18T23:14:05.312853Z,https://yt3.ggpht.com/l5hSL_QQRO_6pMyGCODffvfG8F_Ua2euG-MDZ1iStzp2oDT8zrQOWh3VH3raFybcJFgJzObCeZY=s88-c-k-c0x00ffffff-no-rj,,US,33400,478
UCO1XWL44wzgDWixNaSoLVtQ,Hussein,2023-06-06T06:29:37.573897Z,https://yt3.ggpht.com/bjWjwzYxkxd2rohDlVqX3xVoKWofZ83vUWq-lu82vS7fOUxFredYYp1zB9sK1QRf-Kytt0dtlw=s88-c-k-c0x00ffffff-no-rj,,,535000,1069
UCg4hg_qRkwCsJIwbev-VyAg,Doctor Mike Diamonds,2014-12-30T22:24:10Z,https://yt3.ggpht.com/ytc/AIdro_mqifCaWWDCRxPNkIGjA1cH032ccEtQHnXhuUIi0LUJ_A=s88-c-k-c0x00ffffff-no-rj,,US,2170000,1184
UCeU05pwtEAreeF81saVb9XQ,Larry Wheels,2013-08-22T23:13:20Z,https://yt3.ggpht.com/ytc/AIdro_mFWFNppMZoEiVomS_hXhvOtduU9h_WljxioeFWQJ3rUQ=s88-c-k-c0x00ffffff-no-rj,,US,3370000,1421
UCq8EwIdN0pmgs-EymfaiO5g,Dr Faye Bate,2012-09-01T18:48:27Z,https://yt3.ggpht.com/PtgmOOvB864GlqbU1lA65bwWD2jDCsTEW9CrxMkNUlIcvgZ9nRHFlYgm1ZPlr2zD9ddC7rmvyQ=s88-c-k-c0x00ffffff-no-rj,,GB,598000,326
UChRSPNKMRhZxBmbivC8L_FA,The Proof with Simon Hill,2011-11-10T22:33:18Z,https://yt3.ggpht.com/P92S8QraeHPDx969KOynAw35IGuTuErkJONRa7mB9qpvHyCvw5i7eQttr-zKXHrW6b-SoQ67Uw=s88-c-k-c0x00ffffff-no-rj,,US,135000,1753
UCR117JPMLO3Y7J5mIblkBNg,Vicky Justiz,2014-05-23T16:13:46Z,https://yt3.ggpht.com/J6MjHn9bf1dRCR_WR2oGecmv7inOw2J6UTzCO25VLVOFDz1uM6aySkU7uTBAaAkPmCsExdfAAqQ=s88-c-k-c0x00ffffff-no-rj,,US,2000000,679
UCao2ujbKlXmYiwoesbVuDUw,Yum,2016-10-20T15:05:58Z,https://yt3.ggpht.com/ytc/AIdro_nFWSMRkd9BQuRGGZLncdf4fIYyfqleK6KoVgQsh2TPQRM=s88-c-k-c0x00ffffff-no-rj,,IN,436000,8347
UCJASBOyF4Fkd26SIwRhLuZw,Tone and Tighten,2013-06-13T04:51:29Z,https://yt3.ggpht.com/MqS1eOa9aCfguqQC7J8Z3WEr-jwaEuI6rSaLuop6p8KSxU2HVFzeWOFF74xrrczWxcJs--1R9UQ=s88-c-k-c0x00ffffff-no-rj,,US,3120000,773
UCxA5ukbPYHDWF1JiKl_90bA,Dr. Livingood,2011-12-24T19:36:42Z,https://yt3.ggpht.com/RJUFZ4I2fz-1MDnWulMuaH5zD-rPBMdEijtulJ_YEj6He07zKIIRbUxgkbrte678bgCGefF55Q=s88-c-k-c0x00ffffff-no-rj,,US,862000,655
UCdiKUGdRSYRCsoIXP6XnOLg,only good vibes,2025-04-18T07:23:33.940176Z,https://yt3.ggpht.com/6HHo6rzemD33aYUA--_89NK0UqSoRr6UytrNWa8qASnaBxJxgHJby6Kn4jskarg9Z9XT0rMr=s88-c-k-c0x00ffffff-no-rj,,,17100,104
UCKf0UqBiCQI4Ol0To9V0pKQ,Buff Dudes,2012-05-08T20:36:19Z,https://yt3.ggpht.com/ytc/AIdro_nTXl2Tazxp0H2wjfZOJBOqEtlsUXSfpolvzxrEr7Eh0k-X=s88-c-k-c0x00ffffff-no-rj,,US,2750000,801
UCZmcNLlsfM4J-34wxnufk3Q,Fitness My Life,2018-05-26T17:18:38Z,https://yt3.ggpht.com/ytc/AIdro_m6UmCb5WfVSfA98LckZUUs9S3pO3hUjggrQ0nMaX903Oc=s88-c-k-c0x00ffffff-no-rj,,US,291000,338
UC4GJndVHEhdmqLFBHOCi97A,Jordan Yeoh Fitness,2013-10-17T06:25:43Z,https://yt3.ggpht.com/ytc/AIdro_mtO9nXuX2HC11wQ8u6Vaktf4-3QkS1xCDPGa6qGbAVN4k=s88-c-k-c0x00ffffff-no-rj,,MY,4500000,497
UCle9AaDvd89jq8qWT1QiWkw,Merle O'Neal,2009-10-05T20:06:08Z,https://yt3.ggpht.com/G56oC3xcH40eCCfwPymyUV7XQGWWaZMTlIRGH1pSh3esuzG47b4eXTOwDQC0TxwnHIr7jjyCSQ=s88-c-k-c0x00ffffff-no-rj,,,187000,267
UCxCcu9pet4dljrBLf8R5nwA,Leila Hormozi,2021-06-26T22:59:56.42555Z,https://yt3.ggpht.com/kW3IBBCqYDJwnML9rubaYEZZsxQ0SFmSXPNj5lHyHbQ8IYuRyevOwVXvVAfoq71FdI7HTHicxA=s88-c-k-c0x00ffffff-no-rj,,US,1490000,3361
UCw-4C5sFYuvAbpXwkC_mEBA,Brenda Anton,2023-09-16T18:30:11.05296Z,https://yt3.ggpht.com/XJYDmA2aXRzNbUv7tQcfPqz0oB1AYghLTsI_zqfq2xJIHNsbxAz9wsm-marvMiTQiRz5dNn2Lw=s88-c-k-c0x00ffffff-no-rj,,,128000,80
UC74opM_DL2US4V7Uwer-lcQ,Coach Blue,2017-09-01T04:12:50Z,https://yt3.ggpht.com/ZOl4gacPDLHToTrkp9wU1_zG7MHtL-Gf7FEajvP88vcG8TcY6cARe6pXxhXOq3K0EHuQvd85=s88-c-k-c0x00ffffff-no-rj,,,176000,183
UCyRxtHZSa9nyYJVBcAVLH_Q,Well with Arielle Lorre,2024-01-09T16:44:12.082928Z,https://yt3.ggpht.com/O7OgZNDDpobv-iWE4Lw0pvMZVbvulTVMq-JTM2PkxJ4C8kei2lG-VjWgg8sa_kI2AwtLnJIK5Q=s88-c-k-c0x00ffffff-no-rj,,US,50900,1172
UCmVRenOdnPu4gqOprCKoipw,Daily Thrive by Vicky Justiz,2020-07-29T19:06:20.257188Z,https://yt3.ggpht.com/QirCgMTGfg4ViQCf8DjIPIBZJQfIT1PvdXWdPAru6dOYGnmDWwYVmaJ7gYFGobTujt9ztfuY2uA=s88-c-k-c0x00ffffff-no-rj,,US,2450,206
UC-FKLr9ouY3acJsf712Ixhg,Daniel JrStretch,2010-02-18T02:22:21Z,https://yt3.ggpht.com/wudkwuhzDrYS9FrY1cr6EryRzvKXZyrPk8eLeOyO_dAlpNv2eZYNJ1hdFryRnOCxHb8TMhNPo5g=s88-c-k-c0x00ffffff-no-rj,,CA,485000,1252
UCShATsH9LWNDmnywUpE6MoA,My Vegan Kitchen Life,2020-07-28T18:07:02.029621Z,https://yt3.ggpht.com/HFzZ7dNKmWYbhEiTMEpnF316J_xkpWSIJ5mkvldDYarBhjdpsKwXVLIa4TQDUjng9yg_pbnPuw=s88-c-k-c0x00ffffff-no-rj,,US,128000,435
UCV7TeIxTVW4xJS-Uc7KBBQg,Tashana Charles,2020-05-18T01:57:31.687141Z,https://yt3.ggpht.com/JhNDFUCeows3aRVtMOl-m36QXposlQhLQQUm9qpq3NOiIC6oiRb9O0mVKlF5OFFBi0KqBhEM=s88-c-k-c0x00ffffff-no-rj,,CA,45800,973
UCmQfYqxUpNg3IKnEIvp7oCQ,Rem,2024-10-10T21:22:34.049016Z,https://yt3.ggpht.com/7xlNJw4AWF9ZD_DXeYHMLPxkKmmdgbNbDMUDgdh9QgHRxjI_MFxTE37WJhD-2toS8Ogi8WTSaA=s88-c-k-c0x00ffffff-no-rj,,,2580,9
UC-nTc-72hWCNk6Of8d14UFg,Gym League,2019-12-19T09:19:37.815537Z,https://yt3.ggpht.com/ytc/AIdro_nJEZxD3rCSBHx2GcFY27kHyNXQH1rOyjKapU05Exmmjag=s88-c-k-c0x00ffffff-no-rj,,IN,398000,200
UCOsFVEylgXEcnxAEt9E0c4Q,Max Euceda,2016-09-08T23:27:35Z,https://yt3.ggpht.com/1FUsE21qbR3hjBQIkqKnQuXVftgwq2znieFddFdjcVeTlfE4QsYga4Uwbhkfly1iAslzo4vuBQ=s88-c-k-c0x00ffffff-no-rj,,US,1210000,800
UCFr-vtTWI3hXDLcx9ZRf3ag,Fayette Nyehn,2019-10-20T05:13:59.361704Z,https://yt3.ggpht.com/JuC4sC0uINnqrV0IHXrjw_3YvxRzCGwDIS6ZfnXGzmzTqim2wGlUXC_RVYGqp-NfdwFhmThzfA=s88-c-k-c0x00ffffff-no-rj,,US,1010000,292
UCB2wtYpfbCpYDc5TeTwuqFA,Will Tennyson,2015-04-01T20:51:29Z,https://yt3.ggpht.com/ytc/AIdro_lr-x0NjJnkH7qkp89dWDAU4gsV-57RpcelBJ7vZtDB1xE=s88-c-k-c0x00ffffff-no-rj,,CA,4680000,605
UCwrXi5ZknKThspJc-Gai04g,Juice & Toya,2018-08-20T06:42:03Z,https://yt3.ggpht.com/oDIff57Bm6sabE9-nAnzoNXzAjHQlYS3Z1JAphMx5J-cjDowJU6osJt8CjN6fcxAcGzP6wR2=s88-c-k-c0x00ffffff-no-rj,,US,2450000,403
UC9BNGVGr_lvbn3d23ckuVOA,Strength Side,2014-08-08T14:33:02Z,https://yt3.ggpht.com/ytc/AIdro_lvyc073UJtz9lsEEU37qkwYUGD6W-pFctuA5Mv9d-Qjp0=s88-c-k-c0x00ffffff-no-rj,,US,2170000,810
UCKXfFwsgGUdZ3jXtdAMY1Hw,Meli,2015-04-13T02:49:53Z,https://yt3.ggpht.com/s4IuChQeLG9lNuS2ReWbmXmWZ-Wb84Cx9DcoRhB5WiNALQJfEnsJmdoUp5lOTIDGevsRbmWpTg=s88-c-k-c0x00ffffff-no-rj,,AU,923000,44
UC68TLK0mAEzUyHx5x5k-S1Q,Jeff Nippard,2014-04-19T22:28:26Z,https://yt3.ggpht.com/ytc/AIdro_k3d_sCJXZcQk5KQTlFzdGMIJwJpZ9g2W07Z616E5DENGI=s88-c-k-c0x00ffffff-no-rj,,CA,8250000,617
UCerweoBkwQOb_zwx3NfUD1g,Andrew Kwong (DeltaBolic),2012-03-04T07:27:54Z,https://yt3.ggpht.com/toQaPKu_vEt8R99BD9WQQbLI1wo71WzHkHTsQ8gksWb2C9tB4FjYDqDPausyZ6j5s-_JUSNriFY=s88-c-k-c0x00ffffff-no-rj,,CA,2600000,855
UCYSdA4dSH0-GuiZLDuDpGug,Sophie Waplington,2023-05-15T21:17:38.742068Z,https://yt3.ggpht.com/NSDdIb3f5vnOn7VcsNGIyp14mX-WzKRX7Vo0l5fwQJjl9pOGY-W6olWjqwYWdcKfKKah1M3BJqw=s88-c-k-c0x00ffffff-no-rj,,,14200,30
UCgh0E3n8m1Pyj2cPoEENZbw,Kavya in Korea,2017-02-09T12:19:13Z,https://yt3.ggpht.com/g3uGQGjUvUqr5CHRic0Hh0-hbsDmVEbmKjeXuNrTWSWBye6A0MEz2PbDobn6vvC77cFV4MYy3AQ=s88-c-k-c0x00ffffff-no-rj,,,29300,261
UCrcVbWs9v5ju0N7NAprvyxg,Axiom Fitness Academy - Personal Trainer Education,2016-04-22T13:38:06Z,https://yt3.ggpht.com/uXRkkAxRoZYTVqzcLn5fPk0XJ0FwMO9tJHZGBjMaEpyTRo3T34gQnFWDZj0INH-wEAwW5kFl=s88-c-k-c0x00ffffff-no-rj,,US,35000,605
UCK2d_KfjVPwh9gqoczQ9sSw,Liezl Jayne Strydom,2014-06-09T14:09:47Z,https://yt3.ggpht.com/Eyvwy2H0YIKMg20dIb4HtaHieRgd4i5nOlqPtKqIlOvUZGITAfZDO1iv-MlOkY7CL5O_tyYJjbk=s88-c-k-c0x00ffffff-no-rj,,US,1260000,246
UCP9xmElgP-CKX46EKk_7ezA,Roberto Teodoro,2021-08-14T10:31:59.963601Z,https://yt3.ggpht.com/mn0JMg-GO259N4mS-h9iTKgPD6-vyrYdlmiOuLGGUOSMnGNm2wI0Sj9jYHD-QFiETPHAB5zHqAQ=s88-c-k-c0x00ffffff-no-rj,,BR,3830,700
UChiUj2uHZTYvp5CTn9c2SlA,The Mobility Mentor,2020-03-15T23:50:57.222161Z,https://yt3.ggpht.com/SYSPQ-FtQH5nvNvsnfGpixvER3Ck60Yf8LZcKb6rEPpQssYsFiQG_oLhEUdl_N0mX_ifm-CH=s88-c-k-c0x00ffffff-no-rj,,,310,381
UCYQvOcj29vIVzouPFKlBAdw,Dan the HIIT Man,2024-10-07T19:19:02.775383Z,https://yt3.ggpht.com/oK1XcdZzQUzJxFkXIMivH8zo8cFgxX12hDY-Xq36pTmyBxSQKpEHhwZchCSB6wl7TrDvd3EO=s88-c-k-c0x00ffffff-no-rj,,US,108000,90
UCzIh3Y_OCOHrdZlH4KMfkyA,Homestyle Cuisine with Ritu,2023-03-23T13:59:50.49543Z,https://yt3.ggpht.com/937f651WUTCPOvY93REC5XPANThhCtx2uWFNE3ASlwzVFznihVWSP3VfwKMhGmObrxctAaaKUg=s88-c-k-c0x00ffffff-no-rj,,IN,215000,886
UCU7J3bxynfGRz--EFZ9-Dvw,Rob Lipsett,2011-11-14T13:06:54Z,https://yt3.ggpht.com/Jat0fLDwK9chFAHgfekf4hO9ngu8_apCAdxGnQb9Lrh7Q778Kd5JCt7MchBdobDk3bacbwAG4tM=s88-c-k-c0x00ffffff-no-rj,,IE,491000,867
UC2qnIrCWvhPtye-ckv3YRng,SHREDHAPPENS,2021-11-08T14:35:57.775962Z,https://yt3.ggpht.com/g9-KH0P016ORm9EjmP1cKSpRFEjXzydJ8MKZJJEonLNcB7hGeWhxPh110lJnQVeCbCfa-u3-nw=s88-c-k-c0x00ffffff-no-rj,,,394000,1168
UCpF-AfpLEIty2UQ7nWJOqOQ,Levi Trains,2015-09-08T21:45:51Z,https://yt3.ggpht.com/ad-afCi3nCcnrWYssbDDyN7aRqGS_kWU3VpHkg577grj0gWjlP2hAFYxVdyQXSatoUa7v5v-_A=s88-c-k-c0x00ffffff-no-rj,,US,2240,198
UCcRsTRCvh3PeR1Yog867hqg,Midas Movement,2014-07-25T08:45:09Z,https://yt3.ggpht.com/JDgNT4Q_1PLHWEfGRTe4f6kvnGBPs4rcVgLwkkdAYDrXfGgGJjsxHtYWb_0VK55ZTmoSZbJjjtc=s88-c-k-c0x00ffffff-no-rj,,CA,1420000,612
UCGjpjYDJ73Btx5Pp2R_oMKw,Yummy Little Belly,2020-05-22T18:28:37.016059Z,https://yt3.ggpht.com/gTMjzYc8JmwW2LpntiVdHNs6WsFSuwHwC1rUiZVD6gyAcj3qv_NyXi76DEyo4_xMeaNwvm2MMA=s88-c-k-c0x00ffffff-no-rj,,GB,33700,303
UCvGEK5_U-kLgO6-AMDPeTUQ,emi wong,2014-11-02T14:43:34Z,https://yt3.ggpht.com/F6YfVOdHERBMICXuTSqWh-SgDxOYl6VH-3wfpyyv2BXFzS7cpZtgCM2fbfybQBtsEX0gJj0JJ7k=s88-c-k-c0x00ffffff-no-rj,,,7410000,902
UCuaUhw4942F-TiD5N9PL4rw,Workout Zone,2020-07-15T16:42:01.424089Z,https://yt3.ggpht.com/HP2aw7oaDmF1PNGot0_IsaLKGK7rJwPq4rM7wzMJ7Ut0wFa6Idtgij9vPQ4d9Ik2AoNhf1nx1w=s88-c-k-c0x00ffffff-no-rj,ur,US,43000,1280
UCv9yHOWQCyI70yKa4SGX5Gw,From Scratch Farmstead,2021-12-14T02:09:56.954985Z,https://yt3.ggpht.com/xuUr5k3BzxYpK-J5ROK_YvIL199uBrt5-MclL83DQjg8VGQzc7C-SyXp7x4FinC9uDpAqtpR=s88-c-k-c0x00ffffff-no-rj,,,254000,423
UCkP2CvRubyU0MTZv_Qo712g,Jessica in the Kitchen - Easy Vegan Recipes,2014-08-27T16:08:24Z,https://yt3.ggpht.com/-CP7CnJJZxY3oQT_qGTrCrcvfCXnuY6YzESzBfo0w-VepeYmKhhm3JGYfZ4z2GdqrAxNfFrsGw=s88-c-k-c0x00ffffff-no-rj,,US,62100,500
UCFar6t6OF-q2Y6rBuoDhpOg,Massy Arias,2012-05-28T22:59:01Z,https://yt3.ggpht.com/ytc/AIdro_kqwN8d0N6icpiDS0zJq0lwJZPxs4NDwmZUGAZOEpZSXg=s88-c-k-c0x00ffffff-no-rj,,US,1410000,307
UCKlbjliltaUBa8eqchJq3fA,Adam Gooch - Kettlebell Training,2021-08-24T13:38:49.655998Z,https://yt3.ggpht.com/6ptWDT4LYk_pLqVQD49RVAKSTxeILLvOL0c1q6L3LswYxpSu7rAism5zpGFiUu_7SJGnqsxlTw=s88-c-k-c0x00ffffff-no-rj,,,34600,760
UCqKpwge2t2g-bqTrVoKYihA,Martel Metellus,2023-10-04T15:40:01.890708Z,https://yt3.ggpht.com/TRnGzm-SOTICDzZH7OIZev9R-AhyjoWCbQfkNBpsb_OamzJ9v5vHhmDNUGQuiR9A7wOLWRgz1w=s88-c-k-c0x00ffffff-no-rj,,US,91700,735
UChVak8_IyuqcErdf_jQUOHA,Mind Pump TV,2015-04-26T05:58:35Z,https://yt3.ggpht.com/mtZYX6ZKGAW9ShQ-DyrYTCtZJagj-rvSWsY0hkFWi4-lC1dR2L8QWkU7-UMPA6vz1uGBqIZd=s88-c-k-c0x00ffffff-no-rj,,US,804000,1391
UCqjwF8rxRsotnojGl4gM0Zw,THENX,2013-02-05T04:49:49Z,https://yt3.ggpht.com/qXC3TS-oiAMDgPuE3eucuP8BRGkmY-BCeO7wMAkXpU6ouMlFZ61CqLTmcUvFwgFvfeVzBaPN=s88-c-k-c0x00ffffff-no-rj,,US,7830000,561
UCPx2nKfFk4p6IkQsMW9O0xQ,VAHVA Fitness,2015-09-28T10:36:37Z,https://yt3.ggpht.com/ytc/AIdro_nOvMwNmlHe3SJnbENDIW_Qjoc0iuM-DVIn4w19oCylx2k=s88-c-k-c0x00ffffff-no-rj,,US,597000,1435
UCKO_ofb24Cz2SFdjkFO9R-w,Chuyst,2013-03-20T22:49:43Z,https://yt3.ggpht.com/ctrPDA_kpyXQM7Cz8OvrUNxi33m1nQJ7xTQEbJIU91JIEvH5BYAykFV3Yp3fmQAq6bXBFSqqdg=s88-c-k-c0x00ffffff-no-rj,,,113000,1142
UCy2JIdJt6_0g-mgLXlnteVw,Zac Dennie,2018-06-05T19:34:49Z,https://yt3.ggpht.com/aFjd3faxkT8D7ukA1mB1qTlWqZxTHLtrgkU3YXq0-u85_K8FP1A6lG3vED-IpaONiZqRSMJVsA=s88-c-k-c0x00ffffff-no-rj,,,528,78
UCnSFH3qZRkKAQ0oQ4-cms-Q,Myprotein,2010-07-22T09:58:53Z,https://yt3.ggpht.com/_WjrnXxb7KRv3REaRTBE3hdC9QkMMR70hfs-Lbn35bg4YejGsSbML25Oa6i6hQdFVST4_BHfkw=s88-c-k-c0x00ffffff-no-rj,,GB,343000,912
UCDYDFqV45Nqp4V8eaCI_UVQ,Sweet Simple Vegan,2014-09-16T22:12:19Z,https://yt3.ggpht.com/ytc/AIdro_nLiuxRBpBpKESjeHao2z0VV-1DL9x8to9b5K9P6w7VHAo=s88-c-k-c0x00ffffff-no-rj,,US,261000,913
UC0mvq2mb0OZZ1NIOLLQhEQA,Pat Damiano,2020-04-22T16:50:13.604273Z,https://yt3.ggpht.com/h1pL7UrE5551eXBQp1BCZmkjTN40QIAkkJQKv06358w-3s9cmtTTqqgNlHhQh3gSxO1mb8vZjrs=s88-c-k-c0x00ffffff-no-rj,,US,83700,1096
UCYQ_tcF9sDcAzXm1d0n6UcA,Olivia Lawson,2020-06-19T14:45:24.806835Z,https://yt3.ggpht.com/uFb91T-W14HRTJ2u4suD79DYcvD3GmX5n58fL8buKdons_hBHbPb1Ps_O0tCxOB6kpri34d2LUA=s88-c-k-c0x00ffffff-no-rj,,GB,278000,599
UC8PGlddKMJABxCgS6CChwVQ,Filling Meals,2018-05-15T02:33:11Z,https://yt3.ggpht.com/Uwff2CoJZW4jUDu7TsGzXSQfzIhxy27CDpjq39Djdk97xhVj-9eefEl3AORapUILpD1kOhsn=s88-c-k-c0x00ffffff-no-rj,,AU,200000,190
UCPD55VPa1ZWx1a_nzWC2VJA,Dr. Stacy Sims Official,2022-03-10T12:11:40.558161Z,https://yt3.ggpht.com/_ulSpVkA9k9QakTyJXHdF82brdEjchIUfHoXRJ_VEKbpf9xDVQ6t50jaTNDROrcBVk8KfGPw2Q=s88-c-k-c0x00ffffff-no-rj,,NZ,293000,412
UCgBg0LcHfnJDPmFTTf677Pw,Paul Saladino MD,2017-11-01T03:03:57Z,https://yt3.ggpht.com/5TMnHMO9Urok5a_j8If41mbf6PQdNbpZUvMvd17fB8uOi24aY9wXTEk7M8VkrdgW8hE0GvgB5KQ=s88-c-k-c0x00ffffff-no-rj,,US,1080000,2056
UC2oiXBQPlDOUJg-78QjGP7A,EatLiftExplore | Fat Loss & Protein Meals,2021-03-26T10:38:48.777595Z,https://yt3.ggpht.com/W3OewzQ27fm53C2NDCs2qfOSsfmutIGdqroAzdmkIQiZSmqMBKFb8-IntDZs1COOXyiwBMvDZA=s88-c-k-c0x00ffffff-no-rj,,IN,5350,280
UCFhMOIr1FZNaLwHXNIkBMSg,Chef Tyler,2023-01-12T12:44:34.050546Z,https://yt3.ggpht.com/ZlyqGHEdpFYdMQ_His8jdlsPJlan6nVUztoE8CwURpf7uPjSjxUrz8oeILVjhXrnB8-GD_gEB-I=s88-c-k-c0x00ffffff-no-rj,,US,4460000,689
UCOpsZxrmeDARilha1uq4slA,Heather Robertson,2014-09-26T00:59:30Z,https://yt3.ggpht.com/PlqXaNZMhoIamHphg0arN_gWiu1NpcPctHda7X4A28G3P89sGteenAs_xWE6jUHEfhEw738UHw=s88-c-k-c0x00ffffff-no-rj,,CA,2840000,1080
UC8Av1tO-ha143nNYzxmf1Fg,Pierre Dalati,2018-01-02T02:21:08Z,https://yt3.ggpht.com/VOtWrO2gOdWUBGJ1b1UyhMkpkKChJfZQwOWact4bgjqgHE9TpsuphcwYGN2G6sB_kxTulfqFKw=s88-c-k-c0x00ffffff-no-rj,,CA,1920000,1272
UCHsMKe1DeDBGIisR_JgTOuw,Muscle & Mind Bangla,2023-02-13T05:41:04.750307Z,https://yt3.ggpht.com/AP6YrcaOdag-3VdLavfkUbfkDpfq-eMZIhkP1ck0r515UzCcU9_sPtxKXfuoZ1thGhPHVaxZ294=s88-c-k-c0x00ffffff-no-rj,,IN,175000,854
UCfLM71bnqESJPzHqLe_4p-g,WorkoutEndomondo,2024-01-31T04:55:48.462856Z,https://yt3.ggpht.com/1pKuzCD4yhMkR_LaeL2k13529TyKTiARFisXocXZiu4xEIqYwTmUy6o125fSLslQ1qRubTFlIw=s88-c-k-c0x00ffffff-no-rj,,US,121000,923
UCe0TLA0EsQbE-MjuHXevj2A,ATHLEAN-X™,2006-12-16T15:17:44Z,https://yt3.ggpht.com/UN93iXdFUqIzbOHUOneFgq4hxmqbZVXAxNx-e_OJJ6FRwiQH3Id0SBYa99ezjeZd82wow6nE=s88-c-k-c0x00ffffff-no-rj,,US,14200000,1673
UCAFVtGMKn8b2KjlKMPZ-3Hg,Nicci Robinson,2016-07-27T22:19:59Z,https://yt3.ggpht.com/93TqmInnOIv96Flph265SoS4sEso8jdt27CXCnXk60k7QprEn6tZNpEQwUT0ppvQcRE_tKW-JA=s88-c-k-c0x00ffffff-no-rj,,US,280000,194
UC1xJZN3p9vLSyewb7qQegYQ,Move With Katharine,2021-04-15T05:05:00.501191Z,https://yt3.ggpht.com/QIg8t1W0Wo96n2WSXjEtAZ4aBSpLo6zxZphrVVBYNQ5gd7rrki1QJcQawqFDUSsh7hBe4pcZww=s88-c-k-c0x00ffffff-no-rj,,,263000,1302
UCJhEn_A6qDyMRSQWRYA4z4Q,Isabella Brenner,2022-12-03T01:25:07.89898Z,https://yt3.ggpht.com/rQp2IVtcEp6l41fpjOexablnBcs6CKrsHeBBjHd2Zqvj2wiBksGTCNE609ycO6THWJHwZ7U9Ew=s88-c-k-c0x00ffffff-no-rj,,,7620,132
UCga-NgscVgZEyPmn1Sv45qA,Michael Holland,2021-11-04T13:28:54.921522Z,https://yt3.ggpht.com/rWUd0vOtFC4KWF-vnfTskEEX4_8A9ZdSKYrw2KfWUrpjJzltxghLviUGY5MnfBeFZILwTDsT=s88-c-k-c0x00ffffff-no-rj,,,19800,138
UC6TRaqsCQQBI0QF6aSBz4nw,Testosterone Nation,2010-09-29T22:38:44Z,https://yt3.ggpht.com/OuL4I7Vp0PrPgnVg4LMT1wXbwLY4TRq4Fc470lBKGAGZYpKj92Kb60pbGPjhwx4k-Nmflu6a=s88-c-k-c0x00ffffff-no-rj,,US,176000,5495
UCb1To8rv8G4CelTlHuHbjSg,Stephanie Sanzo,2016-04-03T00:24:18Z,https://yt3.ggpht.com/hrF6xFxMqsPZLlJlms4jT6WSKk5wKLH8hq9SX9B8wcl5ZV6kgRmA8Ual55m2CN3Dk2XGBWi7Zw=s88-c-k-c0x00ffffff-no-rj,,AU,1060000,669
UCMY3YXnCbP7SuO0MB4rfZyQ,Empowered Cooks,2010-02-10T09:00:57Z,https://yt3.ggpht.com/92n_4Guh2rvV2-sm0m29MgakcwqTzWtDIhO3WTus48euYhPPGfiZIuhuiZ-s2cmudrkLrfIjuw=s88-c-k-c0x00ffffff-no-rj,,US,810000,320
UCONax_0CMWVL6b7tHulEQhA,Ryan Fernando,2013-09-13T11:40:58Z,https://yt3.ggpht.com/yWy_2414B30m3yXSk2r396-IgXl5ng1cenRwSGMlLW5Kef06z3K7Xdhhc5y3pYPY-Z4YfXg7OA=s88-c-k-c0x00ffffff-no-rj,en,IN,1060000,1672
UChNN7VBxPTiNrqjUaQd9bxA,Teachingmensfashion,2012-09-14T14:41:05Z,https://yt3.ggpht.com/z4_2GrjiltpV1SiOPt1VFFBYGQrqN6hUICY3MBwy_C7BmSrhx5Hh1yl9bhPc93AgwQr6zzlJU1w=s88-c-k-c0x00ffffff-no-rj,,US,7420000,2749
UCVALinyrHjsdDok1dB4I0Ig,Mom Nutritionist,2022-07-29T15:24:00.234317Z,https://yt3.ggpht.com/MSqcL17rpqvhi2oRqutVoBkOocCV-ekJ2RSGpPX8aXJt5wuLvSNpe9HDTKs0sn6aWf4rr1pb=s88-c-k-c0x00ffffff-no-rj,,,121000,787
UC12K7FCbzFG5BOMJrHn-sog,Yatinder Singh,2016-10-27T08:38:58Z,https://yt3.ggpht.com/S1XuoZvFxpr-ogdLn_nOqsph1-PiY4C_0BrcXNAb-DX6I4KxcjVFzXVT_Vt_7cppW-JwCMzO-g=s88-c-k-c0x00ffffff-no-rj,,IN,5290000,351
UCh-GXxkUCFItAvmkTlbnPTw,fitfoodieselma,2021-03-12T20:40:24.750164Z,https://yt3.ggpht.com/K0y12AuxLEBO2Rv97rj5SU02HlmXr5s1IkcQp4xodbxKevwihqdeJyeBcBiDFvnakmyUZpkVgw=s88-c-k-c0x00ffffff-no-rj,,,1090000,927
UC_VXgFVMK_WcRjPyX1h4zIA,Filip Plekanec,2013-02-23T11:04:17Z,https://yt3.ggpht.com/HNGosSkRLHO0vFZUoJmPfk_mOYFw1QADeLOLNy5vZB9pedn7wbw33-4SQ5hN6ZJIEXCKnwW0=s88-c-k-c0x00ffffff-no-rj,,,61100,299
UCqKYLuXxdWUz1h4Rno2j9mg,Akima McDuffie,2023-01-03T16:10:34.041512Z,https://yt3.ggpht.com/3SJqNVOpfqUHm6zSC-gv9e8-exd3Jcp7DE72HuZXLx5WhOd6VUtcQhISIpbYJPQRkLhYTdkEEw=s88-c-k-c0x00ffffff-no-rj,,US,29500,333
UC6ON3t9n6YT9pgFQYjpF6rA,Tim Burmaster,2011-10-21T00:56:04Z,https://yt3.ggpht.com/b8Qq4twktMa_WPH3gl3y0KTMKujR8geCYHqYqpcoamFqPxYTfZb8sVptYoyiYJBDicBZtx28ow=s88-c-k-c0x00ffffff-no-rj,,US,239000,418
UCntAcb24gd1NuUtFEi18DpA,Tanner Shuck,2020-08-28T16:26:15.534762Z,https://yt3.ggpht.com/k6bH4wCwDV8eHSj7oTzzYhs7lOsCK74prM8EeXQsEqm3PXoKxyv0LxNNkDgm2UEewVCv54H5Mg=s88-c-k-c0x00ffffff-no-rj,,US,326000,1255
UCrA-zi9rqRQsPGinrwVhISQ,"Alyssa Kuhn, Arthritis Adventure",2011-10-20T03:38:12Z,https://yt3.ggpht.com/MVTXdyTVO0rTpbw-Ur8IAu4kZqoGOpdNN5utq4CJ8yutxGf59cF3MCkBZmJPpEIgCJg4FCLf1w=s88-c-k-c0x00ffffff-no-rj,,US,796000,987
UC-TMVAGzJgOzJQCMN7Acmtw,Josh Bailey,2018-08-26T15:34:49Z,https://yt3.ggpht.com/KqBoq96-2qj-q_W2JLt-A0ijWXoyRShL-ie-6ogM25mhrAYgmXSjRB4fyZYUlto8eGYXvufDOzk=s88-c-k-c0x00ffffff-no-rj,,US,2150000,415
UCEniETQY1BlJ3s-Np3YDApw,Gritty Soldier,2020-04-21T23:48:49.676881Z,https://yt3.ggpht.com/DM0DF-_PRd6hOH6K83zbXbct6sV4FSVrZNvaJx2QWUOPUK0QJDnW-Q9ATOvOloEfCc4rtzm4=s88-c-k-c0x00ffffff-no-rj,hi,US,281000,638
UCfDBDSpVq8svPcMDz-gjcZg,Alejandro Matias,2020-11-15T06:20:46.256056Z,https://yt3.ggpht.com/Q7j3yfw6O231wIdSEN8GB5tDbhFdyxPu0q9z-Fg4OG9A5I1msxZP12erU0L_50M7cilyZrJouw=s88-c-k-c0x00ffffff-no-rj,,US,83500,401
UCATryxOj72Ooq53LDIEhu1g,Sven Koch,2007-04-14T12:53:49Z,https://yt3.ggpht.com/pc36zDVtrud0elUeQ8XMSuTSUKryc50bKiaXntANvpm6UNzLJWZRpA51lHfUKN_GULYlpGsU=s88-c-k-c0x00ffffff-no-rj,,AU,24300,530
UCuO3qd6KP9wnX6qZOddxNEg,Alea Sedona,2017-04-03T15:39:38Z,https://yt3.ggpht.com/Wvk82EQOj2gyuLG9hmFzlduYSTnbY7fWFhW2tWSOyXyMMk_TwgbnQDD2JUgXaBGtgR3tMrsnNw=s88-c-k-c0x00ffffff-no-rj,,US,67800,311
UCa8llPfm3beAYB3zYA_jRKg,Skinnytaste,2014-04-29T21:18:03Z,https://yt3.ggpht.com/ytc/AIdro_ki7ei3s0nAkKQIZN4AuyrT7WMKjasfVhGmGLfnr7BBlg=s88-c-k-c0x00ffffff-no-rj,,US,66100,987
UCDRFMhmLch_ebPOOx97EW0w,Evolve & Build,2023-01-13T15:11:01.5585Z,https://yt3.ggpht.com/LDWxIfO_eEcbik-OQAE6eMM-zhxffMTblxleRmEwi2-D4-_wnjavyp-xl_jDf8xiDcXzhCpw1l8=s88-c-k-c0x00ffffff-no-rj,,US,233000,124
UCzt3CNnlHbeDL9CRSWSzENw,🦋 Taliyah Joelle 🦋,2022-11-19T03:52:27.513528Z,https://yt3.ggpht.com/gZsCTrkCRPXDIV-voHHI5pgbMAKMaPWb1ddbDuKOcZeQrajhfVEsmSvlqpRhCOaJClC11HI65A=s88-c-k-c0x00ffffff-no-rj,,US,467000,288
UCKvJ_vxZZoN5yeWBU2CVGcQ,Fit Father Project - Fitness For Busy Fathers,2015-09-05T21:48:46Z,https://yt3.ggpht.com/SvTPGNx6UB7x_3SeWQjYu-MIhjCHD1ggVw4p-fHWd8g9W4Z_DAc4jiR37hPu9jS6UI__ShTcgmM=s88-c-k-c0x00ffffff-no-rj,,US,803000,1081
UCblexCGILCHMDAlIM62Xpbw,Aussie Fitness,2021-01-14T01:08:42.271176Z,https://yt3.ggpht.com/h0slGFdBdSNLMl1gu52zWGPtuFXaw5cJ6R7PHEZb0Z2pxZSvgRGBq_DNS_usI2MHJiZEiJcR=s88-c-k-c0x00ffffff-no-rj,,,318000,138
UCwJfDTNqtM5n-dQBfuuHzYw,Men's Health,2009-03-25T17:41:48Z,https://yt3.ggpht.com/ytc/AIdro_l2OuUjlpb46kF084eiRHU0Gr891N6E9eUUM0MCbi_7I3o=s88-c-k-c0x00ffffff-no-rj,,US,1790000,2340
UCzrJi-ciJidu2QSW_zFYV8g,Dad Gainz,2012-05-09T03:23:30Z,https://yt3.ggpht.com/7-TqJxMlghlVW5iEbtk8CSGAi_nDWNnocfbuedXZcIs6ewZD4PhXcFVCciBQz8miINrrqXxEio0=s88-c-k-c0x00ffffff-no-rj,,US,2950,100
UCGUw3-QidUbuLHDVqJpLHKw,Senada Greca,2019-07-18T22:10:27Z,https://yt3.ggpht.com/MdtTZ8cjlmm0jid8yQjBzrpo_6XM5h6YPqYGCMfFHZcoTbNVJEBLWrXZMv0Z6JYeFDD3jKJu=s88-c-k-c0x00ffffff-no-rj,,,1550000,389
UCe16Nh3RqquKlAnKt7KIpFA,Reuben Brooks,2013-01-30T16:52:22Z,https://yt3.ggpht.com/P5CyfPCzoE4NztsLG3m1-lJ5oFt3pXvTTxt5gzMeMPZoqL0Lckn5z9pCKGfISpI92obwhAQl=s88-c-k-c0x00ffffff-no-rj,,,33100,178
UCeyJPO6BnTFm5NY7iFu_Wxw,The Vegan Gym,2017-09-24T13:15:06Z,https://yt3.ggpht.com/gFUFrO6mDz-FhsqiuhzShyWJ8l2VDFe-hkRuZqSJgTRui5ctrPyiNBxoVGjugeL6gHJu9YwSxg=s88-c-k-c0x00ffffff-no-rj,,US,159000,165
UC4T3Yg0YF_s507c6sw5ZDTg,Travis S,2014-02-03T19:25:43Z,https://yt3.ggpht.com/ytc/AIdro_ntzt2wDTuID25ScJGItrVEOC-mQyn8lami3t8taQW1OgE=s88-c-k-c0x00ffffff-no-rj,,US,146000,1177
UCcYulxuvIbiuMQEd9WqhxcQ,Melissa Neill,2019-03-22T11:59:59Z,https://yt3.ggpht.com/BjcLHbasX-xpPdoCiY4e0CO4XRBsylPYUTNCqJxOJlET1BvdnDfdUdklyn5rhAkLzHc1bVjtAoE=s88-c-k-c0x00ffffff-no-rj,,GB,320000,1653
UCZUVuTsRpZAjCQa6VdFaPyw,Dr Nate,2020-05-28T07:50:28.192848Z,https://yt3.ggpht.com/1xEUXrvIoORmu8tRTh7-Sr-jkxAina1Kw3QKqncGcaWUKVTNEQV2cKShvRUxG9uUSDVZyvcGOA=s88-c-k-c0x00ffffff-no-rj,,US,614,214
UC2YEEOIX3YWrdyCSx6mnm-w,Wealth Mind Motivation,2023-05-26T04:30:39.231822Z,https://yt3.ggpht.com/exezU4ndj8kW29EPQGX5ja33Jnteq0-ONCklZM74fDjKm5OSNQokRKbEkTqUsJFzg0eF2QRkKg=s88-c-k-c0x00ffffff-no-rj,,,45500,30
UC-DnBn8Z9PaYuGF5nXA8Rfg,Aseel Soueid,2014-01-24T22:06:12Z,https://yt3.ggpht.com/ytc/AIdro_l2l1NtoEB8GZrIUgjP2zen57RracFMPowfBde1364_6Yo=s88-c-k-c0x00ffffff-no-rj,,US,621000,1321
UC0QHWhjbe5fGJEPz3sVb6nw,Doctor Mike,2016-08-19T02:18:53Z,https://yt3.ggpht.com/YPiqL_eCFzCI8cVU_bZrQ0jTrGRNp6lc7a8hR5qmszAjHSL8qnqBgRunlPd8eZZAWHlKAtFRew=s88-c-k-c0x00ffffff-no-rj,en,US,14700000,1180
UCkAE83o31Z5vnUMoOEX7-JQ,Fitness pro wings,2022-06-10T18:10:24.010622Z,https://yt3.ggpht.com/byRsLo1mSEvP2R-LY0QBL78mDFFeF5elHX7YDC4FE0Fqf05RxFTTTzT5JI_jf4ULW-vCGWBfNFE=s88-c-k-c0x00ffffff-no-rj,,IN,53700,437
UCAzZQUlj_tpj6HPNmEFetqw,The Bossticks,2012-08-09T06:59:14Z,https://yt3.ggpht.com/HAKxLMH3wO4xrDgqi9QIWJz78aBkiVZaEbz31m8bfRHijWE8fxypq478EOO3pb1LU6cSqkq00A=s88-c-k-c0x00ffffff-no-rj,,US,305000,3082
UCvq1lOEkyEdnLc1ibbVqbJw,Dr. Robin B,2015-06-17T19:12:28Z,https://yt3.ggpht.com/YQEWlMZy8bOW28dESXXYOVG6nrmxAePwsbCZEzajoQveVKvlKhJekHJK5bS4koYlzbeZl-kc48Q=s88-c-k-c0x00ffffff-no-rj,,US,131000,2252
UCsxbedxvHAqlAbghfnzrHKQ,Panacea Palm,2022-06-27T21:51:14.787756Z,https://yt3.ggpht.com/dgMD97lLR9fs6som-o7na8VFE9LM0UMFAHL3cfSDy2l03Opck873gP-Vfm9eYvypJGOvzuNhLg=s88-c-k-c0x00ffffff-no-rj,,,510000,217
UCPk2s5c4R_d-EUUNvFFODoA,Gohar Khan,2013-09-22T17:18:22Z,https://yt3.ggpht.com/Z4DuGkEgdkdqHzRwmy6JS40qKvyaboPnHkq7um_fWVMAvGm0wmmGjSMKLUWcW2zzGf-2MS9a=s88-c-k-c0x00ffffff-no-rj,,,7420000,733
UCpmLTXqr1bKEc1kLE_jIinA,Julia Merwin,2011-11-23T01:00:14Z,https://yt3.ggpht.com/hdw5JGoTQ50GXbWyrosClPoTNsaZ9EW44wDZyIC9NAyRb0w45QH4ziQ-5I6rUJ5I46Remc4to7w=s88-c-k-c0x00ffffff-no-rj,,,16200,508
UC-Q1yyL-PWpuaZ5GDRVhtCA,alia zaita,2011-09-12T05:33:41Z,https://yt3.ggpht.com/gXBGiyyKspydNoN-X-AE7rxyF0ferd3_5JZUQT4dkfcTe9voOdNnhGIzIyAoUU-_PQpVM440lw=s88-c-k-c0x00ffffff-no-rj,,US,693000,371
UCmt9IHErrFbiUQ77dThKpmw,Golden Years,2018-10-18T15:20:10Z,https://yt3.ggpht.com/Gj2AcLvEULayV5Bw7DCXEoNIbJc0_c2Xmo1ePd3Iecgo_t1QKPItIjf_PBZLOEPhwqXDKoNUBg=s88-c-k-c0x00ffffff-no-rj,,KE,91100,236
UC8zPKkN2Heu1JW3iFcV68_Q,Podcast LTD,2023-10-27T16:14:13.667954Z,https://yt3.ggpht.com/wonLI741CoQJ_4LHeN_eqcISqajwPu79i16B1tvU_AGUaOOMK2-pDl0Yd4ffxbBQZixj6HEe6Jg=s88-c-k-c0x00ffffff-no-rj,,BD,678,13
UCsLF0qPTpkYKq81HsjgzhwQ,growingannanas,2017-01-20T19:34:55Z,https://yt3.ggpht.com/ytc/AIdro_m59N6Yys5ZGin7QpYC047fGfJY86bhbDJRhDjvrKlAVec=s88-c-k-c0x00ffffff-no-rj,,DE,7980000,1232
UCBINFWq52ShSgUFEoynfSwg,PS Fit,2010-11-22T00:07:39Z,https://yt3.ggpht.com/iSduH0DyhWHWhPA1FAhSMqN4Sw490I4jo_LugPbvUp6jLQs6iMUcONK67qhacryz96odHggJpQ=s88-c-k-c0x00ffffff-no-rj,,US,6680000,2018
UC5_i5V3xXxdqF5VKVmJWVZQ,Muscle & Strength,2008-12-14T03:53:47Z,https://yt3.ggpht.com/ytc/AIdro_mb4xOS9s2ihYJYwIoymXjpZukyuMmRQB6HMO_5KOUofg=s88-c-k-c0x00ffffff-no-rj,,,1200000,1402
UCb41hIvO1CE92dX1ZB1SFZw,JayCutlerTV,2009-06-03T14:47:38Z,https://yt3.ggpht.com/ytc/AIdro_kibgbKkmhLzR8Y55jIqRd3hjAJNs1BXJMlsPbe3w41ZTE=s88-c-k-c0x00ffffff-no-rj,,US,1210000,1984
UC9C9QZ9OK7_obZli-mJbZXw,DiepFitness,2021-06-15T05:25:01.211963Z,https://yt3.ggpht.com/tq8CP8RG-u5-u75ygN3up5phy9C0_Fxk92n0Y3zHOiVqGF42Ccl4SM7lsoNKREwrc1qUbnz5Aw=s88-c-k-c0x00ffffff-no-rj,en,VN,234000,871
UCyGF6yJYIKCepo1Y63DVxGQ,Healthy Over 50,2023-03-23T08:01:06.281345Z,https://yt3.ggpht.com/90sWnJYVMpj5-x8vt2oc1_JszhqaQbSk5GBaH8upG-gm07Ywa3b7mKlJL136cSE7rMkDsrb7=s88-c-k-c0x00ffffff-no-rj,,SE,163000,105
UCRrlRjsRafOBheGLX02dJtw,cookingforpeanuts,2020-04-21T23:22:09.128908Z,https://yt3.ggpht.com/xfA8vvZA9hRWfG1Al_7TOl2eNe8ndCEAtNsGVEJzwkm13M2YEw9eICRfvEi-bBBDmeqr8UEfrw=s88-c-k-c0x00ffffff-no-rj,,US,834000,562
UCq0hKkwnW5Cw1wQqu455WrA,Mind Pump Show,2017-01-06T18:05:26Z,https://yt3.ggpht.com/j8BaQhCcxGCqMLk60ZQrGiM8KBvTymRMwCSK04vZgHvGeaSkz1s6K1vZx6wEWjyM9sKNezqyIRQ=s88-c-k-c0x00ffffff-no-rj,,US,564000,4237
UCQObbMyA4UbSt2bQLFzsKmg,Harsh Katkade Fitness,2013-11-11T11:13:31Z,https://yt3.ggpht.com/lRWxTdgKrhM8fUO-7BnbmeC_ypXSG1AysY_3DeFyH4SjeS4azrE3XpMcdfl0TEk9uWsWf8VSVw=s88-c-k-c0x00ffffff-no-rj,,,499000,698
UC1HYRROrfPmHir1FTk-t9nQ,MS Health Fit,2020-10-26T16:23:01.593238Z,https://yt3.ggpht.com/7JnE84iscPhBKj2HfksJHspFSirxQiGd6YJg2hUr_Gt4tC2MyJRMYRrT1N-2qj5e2fbOEDQK=s88-c-k-c0x00ffffff-no-rj,,US,60900,2309
UCawxenzFyo_0rzpzejVHK1w,Easy Meal Prep Recipes,2013-09-20T21:21:42Z,https://yt3.ggpht.com/PaIBIrCG7S6DyB9hy7Uk2U8k0djUan6KawIiR0oAJS9KvmN3sunWIaZJtTI7MfXsfrzMWMwCsRY=s88-c-k-c0x00ffffff-no-rj,,US,652000,580
UCcffZfMDLakH-hs89uSKxQg,Kylie Sakaida,2020-06-20T21:53:30.894419Z,https://yt3.ggpht.com/Cxlb4znwDlCKzMImU-vdlEfsmQjA1povYM179q_apGG2l43G_Pm7HOoXXEW97ftpgz4a8vTR3g=s88-c-k-c0x00ffffff-no-rj,,US,1930000,246
UCh3WHGp6sbckxlkxitHtfcA,Emilys World,2016-09-25T18:45:01Z,https://yt3.ggpht.com/9U7jRv-nJWVf18VSBiOKZWolpq6LR5mlq1MlgGQlDxMZ4e-UmVniqKAcNEVySRMHHqF94dJ47g=s88-c-k-c0x00ffffff-no-rj,,GB,28200,183
UCzepXKgbTZ6qi4HcO21itIQ,Justin Agustin,2015-06-14T03:16:29Z,https://yt3.ggpht.com/ytc/AIdro_mZkWJ4PkB_nOGESU9M6CM-XZUW_V7aRr0AT534gukhYCw=s88-c-k-c0x00ffffff-no-rj,,CA,516000,2343
UCj209lI3ZOmOCkK8e3qFFNQ,Ryan Humiston,2011-06-20T18:16:14Z,https://yt3.ggpht.com/ytc/AIdro_nSCEyHoQPcE60Du48mG-T42sQRp-GLA9L6KPKY1E1YJ8NW=s88-c-k-c0x00ffffff-no-rj,,US,2210000,492
UCeBZEqmBiFWTb8aDO2K8Atg,Feelin' Fab With Kayla,2015-01-17T04:00:27Z,https://yt3.ggpht.com/ytc/AIdro_nki9UiI_JRSze5kvfA_yBiTTbt-ICmvJ4LzkO6aTQ5vWg=s88-c-k-c0x00ffffff-no-rj,,US,441000,284
UC9RRZdOwtYAWPnIR9iYfIIg,Midlife Fit Club,2023-11-04T01:55:14.62006Z,https://yt3.ggpht.com/6FcdUso4QkZZeG_pKj7Cm1NW8v23k8ccG5APKWBm2YCfP3x-cyebaeoIz_3NJfLFAk2L082yKhk=s88-c-k-c0x00ffffff-no-rj,,US,75600,584
UC4pEAoO0u3xM7HKNdtwliiA,Hilltop Recipes,2022-08-11T09:29:31.639304Z,https://yt3.ggpht.com/TTU_-FeRiQpWtmmtcxI6gWLQq808WJaJs6gXu_vHqaRiOaeSqA6iTvk9wpFsJUGtkYaRNDnd_Q=s88-c-k-c0x00ffffff-no-rj,,IT,659000,760
UCbm8FxO0gBbZ19iydL9g3ZQ,JustMerk,2017-03-13T03:16:31Z,https://yt3.ggpht.com/m98q1RUfLl1Rg23eIhzz7G7tWDUM-tDvE_DYWK4WP40xPqML5EGg_2-jg-rpXvLaOGyqc_Rp=s88-c-k-c0x00ffffff-no-rj,en,US,780000,222
UCiWPU83VmOXjQ6xY0gIrhIQ,fabulous50s,2017-07-17T08:40:36Z,https://yt3.ggpht.com/KiaVAxyp6aFr1_aneyEX9bjWrF6gxBAYpwOP_CbC7S2MJYx9XOm1Td6VFMGWE9gMCU0f6Oos=s88-c-k-c0x00ffffff-no-rj,en,US,2220000,818
UC9uJBZw5g7jJBezTYTo2FPg,High Protein Recipes with Scott Baptie,2011-02-27T21:51:51Z,https://yt3.ggpht.com/BRIv-184CRf_TkBKzwhqQ5xZfcUFDo5fd60L6HZeWCSCP4wZOK0Q5Ix6BL1uQx8rBmN84m5j=s88-c-k-c0x00ffffff-no-rj,,GB,72700,441
UChQ-d14tHB62nskossxO0tw,Joe Fazer,2017-01-05T21:36:08Z,https://yt3.ggpht.com/ytc/AIdro_n1iaiHitE3P3DKiI5OeyvhFFmwa9jyO-Jw_Vg98uhAgMJw=s88-c-k-c0x00ffffff-no-rj,,,2120000,317
UC7imP-cJhytGgRFC0HvayVQ,ABHINAV MAHAJAN,2015-09-16T15:14:29Z,https://yt3.ggpht.com/RqyYOHKpG1W_SKoKm4hvQ-xnFKNLGNJmXMvgrmZAeep7hQALZWFCQB-wpSNmLyBOGh7qVbNdSec=s88-c-k-c0x00ffffff-no-rj,,IN,2330000,740
UCDbZvuDA_tZ6XP5wKKFuemQ,Rainbow Plant Life,2017-05-23T23:56:08Z,https://yt3.ggpht.com/ytc/AIdro_lOI8pgWUflxt7T5JRkkvbEGNGzuejytAmGj6-ufLZN3cA=s88-c-k-c0x00ffffff-no-rj,,US,1520000,236
UCQ2vUGzZrLpUBqsmsL_5EIQ,MIZI,2014-10-11T17:48:11Z,https://yt3.ggpht.com/ytc/AIdro_lvnrjMrSK807BhSr52h2_7hPYhEPbTo0yykKhnvL5CDjU=s88-c-k-c0x00ffffff-no-rj,,KR,3020000,367
UCpyhJZhJQWKDdJCR07jPY-Q,Simnett Nutrition,2015-09-03T01:03:29Z,https://yt3.ggpht.com/ytc/AIdro_n-BTiHHPs6vQ8mVpnipbxxc962Cl35vGzulDq6fcc5vq4=s88-c-k-c0x00ffffff-no-rj,,CA,772000,614
UC_sakqLLkfIMtZ8ZXW1F_FA,Johnny Hadac,2016-10-09T23:26:07Z,https://yt3.ggpht.com/PH7kHscoViZkH-6ic0gS1FNGTIDv3eX6R8JadcfBDYwHqd3eAeF5S616Yvfr9-V-qA0KXcLP=s88-c-k-c0x00ffffff-no-rj,,,10800,334
UCnpSA_DUMYHagE6-vkvd_VQ,Brycen Tabone,2021-03-03T21:56:46.407795Z,https://yt3.ggpht.com/IjjzH8YOrFmO6oAuyqa5lOW59vBqB3OnpbYTdc57nuwSj-OIcxHPQ6CZKVs1mBZiAyKO6HEs=s88-c-k-c0x00ffffff-no-rj,,,81400,279
UCOgxDjtJIoyIuMc5JOIIg2Q,PRshredz,2023-10-26T06:54:06.718042Z,https://yt3.ggpht.com/91Gah-BmzS15rOi1qiQf1FP1N267bdJtg08jJ0ec0Jjt-iKTFRwhwianT6pZGU4QKOCiZ5fm=s88-c-k-c0x00ffffff-no-rj,,,181000,270
UCDZtfDeY9oLgRkzl_JNkDkQ,Recipes by Rupa,2024-02-01T04:32:44.024405Z,https://yt3.ggpht.com/wuoiUuq4Tumu2AcLF4zkkoycpGNy9xO2_QZ5YyCVOmzKDBiNw-fmojF6tOg90B4ZBRbeiDti8g=s88-c-k-c0x00ffffff-no-rj,,IN,19100,1188
UCB8eOy0T3SNL7azHiWl2wzw,Olivia May,2023-04-18T20:59:52.428331Z,https://yt3.ggpht.com/uhhIf38Fn95x5u0qt1ewRe6TjBNuHgr-bYVJKQjd8c_hQmRgpZKPdVOsMw4iGrvizj88lqJKcg=s88-c-k-c0x00ffffff-no-rj,,,214000,276
UCSE72IaHOL-1Tv-m3JHE4Cg,wearecult,2017-04-20T12:22:36Z,https://yt3.ggpht.com/oJR6PBvYXLdbdpxbiNRiwFds-JXeoNssG5opGpM26aXS1Xa2dV0JEH4dIDOu-8sBgQmP3WsLZw=s88-c-k-c0x00ffffff-no-rj,,IN,2250000,2317
UCTINyyRItvST779DOPnB-Yg,GAINSBYBRAINS,2017-02-27T19:54:01Z,https://yt3.ggpht.com/b1yGEM_cwnLP2NUUOOlnGfwonEBedsKtRdRip42YSwW7sYWVjNLKmC8G4LXbyKYHteDmIiFn=s88-c-k-c0x00ffffff-no-rj,,NL,1600000,614
UCpWaR3gNAQGsX48cIlQC0qw,Tibo InShape,2008-08-15T07:35:10Z,https://yt3.ggpht.com/MXKYsX4ryzhIwTLMwBUvx6eoWMcaF-gsHO_PLidZMEKyFj-eKyg9u0IykU8uh7ejCAS9omOlyP8=s88-c-k-c0x00ffffff-no-rj,,FR,26900000,6575
UCERm5yFZ1SptUEU4wZ2vJvw,Jeremy Ethier,2016-10-06T18:32:17Z,https://yt3.ggpht.com/ytc/AIdro_lgPUjjOwxY-qWIYhqSzQlS_ncT-zL0MHVgKnxxnfJ59QQ=s88-c-k-c0x00ffffff-no-rj,,CA,7580000,328
UCtdMOXeRWMkCRfy8lLJNX1Q,Sadik Hadzovic,2012-08-15T15:50:10Z,https://yt3.ggpht.com/PhXP59jYe2_4rVOEcGT8Pil_2oIus2Won3-KL1OdhqoUMddARsXenbK7S84bGAFsWjDjMm2w=s88-c-k-c0x00ffffff-no-rj,,US,431000,442
UCehBUNNX0Tp0udYb_xGLwAg,Justina Ercole,2007-02-10T00:43:40Z,https://yt3.ggpht.com/cDHOH-sV7qXRntPjSr5RcmqxgZo75kPxO6UihNVAxmEj17c0LmY1vshBo_nrae9HXZn9agaY=s88-c-k-c0x00ffffff-no-rj,,US,73400,995
UCenRMCEExYDXZrfqDn6uRhw,Shulk,2020-12-16T02:24:34.913964Z,https://yt3.ggpht.com/AnRYaxQ0fC4EDSB5eGwGFmI2fzIRCUaznn9vJX8idhldtgoKpalovwDcdSAtJ1eRc43BVS8a7A=s88-c-k-c0x00ffffff-no-rj,,US,306000,700
UCAAKwDsrywhnaWgwbr28bRQ,Jenn Lueke,2011-04-29T16:28:22Z,https://yt3.ggpht.com/hDudG-XYfM6REa_n6vGbHQq7sKw95uXu4K4mi69S2VNffA3WCmbVNyVqXL-LdYh4so-mxs45=s88-c-k-c0x00ffffff-no-rj,,US,141000,356
UCgs9-XogD8tcyylH_YTylqg,Andrew Bernard | The Nard Dog Cooks,2022-04-21T02:53:53.9973Z,https://yt3.ggpht.com/ACpVENCX5HtY1LcrgRL_bBCjiT8nYIYep47aDRQXzSGIA6pSiXbmCbPIE2eYoRzcpCRyK4PUiQ=s88-c-k-c0x00ffffff-no-rj,,,654000,212
UCIaH-gZIVC432YRjNVvnyCA,Chris Williamson,2018-02-12T23:21:23Z,https://yt3.ggpht.com/ytc/AIdro_mmN30Y4ap7dtPfLw8Algolz_LGtHHpTJxa-qAw-MCQpdo=s88-c-k-c0x00ffffff-no-rj,,US,4160000,4203
UCMQI_urRA3mqMfW_XAKstWw,Analis Cruz,2020-06-25T02:04:18.990488Z,https://yt3.ggpht.com/C__p_2QeHhIEY97F1dUFAz2QBDG1lQZV6V0TkzbG_JOCVaS3goAvvPHCw9TsYaZPGhssUsYllg=s88-c-k-c0x00ffffff-no-rj,,,350000,130
UCuGeoEfs9nSlXSAPkPH-BmA,The Fit Champion,2022-05-25T23:04:04.835705Z,https://yt3.ggpht.com/0isLROkD3pm2Cipk6k5Yi4N1N0Las9ybVpUDtcuHSO9GJeKCr4-Oywaj6a45c2bEuAXfOyN2NQ=s88-c-k-c0x00ffffff-no-rj,,GB,78100,1339
UC6HvC1sJJKWL-zVJgBub7Vw,yes2next,2020-04-25T05:02:05.516411Z,https://yt3.ggpht.com/ytc/AIdro_m5hCaXb5Hl0rTlD6Gq2PSRdmEWxN6fobRqHKkQ8DLPRhk=s88-c-k-c0x00ffffff-no-rj,,US,625000,420
UCARro5uJJImodb-VdA_l1Zg,Brandon Kang,2022-07-23T23:37:25.689901Z,https://yt3.ggpht.com/gzpeYx2Qtqb0DOshGHKGBTzJ2AX6LyYZI-surfmVsLDwSFzyTnDkTD299cIGL7asqe8T6x-qAw=s88-c-k-c0x00ffffff-no-rj,,,8190,358
UCg8LTugCdsOLuwtd9n0d8kA,Rowan Row,2011-05-13T01:54:31Z,https://yt3.ggpht.com/qCGNJY9ghfXdu7HXT9uwlvPnlwrW7ZEXIUVXuiWVkiAqjieb4Q_PApOzXm7kGS5Y4QuI3BhbOA=s88-c-k-c0x00ffffff-no-rj,,GB,2260000,395
UCVvgWhQqmMBLeOcB41K8OmQ,Fitness & Lifestyle,2020-10-11T07:40:00.800902Z,https://yt3.ggpht.com/X_1rwWpM8r4yA9D4tJWuHl5d1pzk4DbjAovw_T9m4lg7-Vqmky-jcarRG3yx9tyKrQJFuFdulQ=s88-c-k-c0x00ffffff-no-rj,,,4830,140
UCy5Twh1oGarUmVSpBaGXXxg,Fitonomy - Get Fit at Home,2016-06-27T11:15:47Z,https://yt3.ggpht.com/Ui-7cXp0HQ78-XhwBCPtwl9PZZlRATZ21yOU4_VQbbIjJgH-eusgQB3g_NomfFppB_gKndWp40M=s88-c-k-c0x00ffffff-no-rj,,CH,693000,1803
UCj0V0aG4LcdHmdPJ7aTtSCQ,Clean & Delicious,2006-02-26T23:58:19Z,https://yt3.ggpht.com/ytc/AIdro_nkNl_Mm16xHY--OlqpnIbcF-506WLmAVT3KTevxPKobVk=s88-c-k-c0x00ffffff-no-rj,,US,2370000,953
UCMp-0bU-PA7BNNR-zIvEydA,Noel Deyzel,2008-03-05T14:18:52Z,https://yt3.ggpht.com/0VEG-XT4JS5iMjk4LxW8UFQ2x9DamEZ3Sa4oQKonlKqgrO1URMv-AFjvcTOUpaEzfKO7jksOdA=s88-c-k-c0x00ffffff-no-rj,,ZA,7680000,520
UCtyYbLVmG3NK9IeMcGqYgCw,YamYam Foods5,2022-10-19T07:18:56.622561Z,https://yt3.ggpht.com/Or1cpFd4ouOtnldX8lF0Va80IKkDKdIGDGBPO8yosoo5Yz9CI-Adnxhadbqye6v2d8wjxU76=s88-c-k-c0x00ffffff-no-rj,,IN,25200,793
UCOXLR3otPW6kBjYZq5nU5jQ,fitness tips,2024-07-15T01:42:52.003642Z,https://yt3.ggpht.com/d-dZTyjwx0abBOzSfHYhtRzO7xjfo5jSGdKiShhhj7sn6RhDH8InAS4Z37_dfzg6R5A-kukU7g=s88-c-k-c0x00ffffff-no-rj,,,14900,459
UC9zMwl8sk0CGy1V9fZDcb5A,Hyrox Luke,2009-12-22T15:47:40Z,https://yt3.ggpht.com/XUlE-LkCgkSImT6wLP8mOcdP_LdQLwNKW8pQZPdz4P-jqoA8rVyQwOCrgmFYJS-g1Fu2RnjyRA=s88-c-k-c0x00ffffff-no-rj,,GB,11100,187
UC0KXsQALUBnx7LiM996VbOw,Zack Chug,2021-04-20T20:44:26.79185Z,https://yt3.ggpht.com/yJINfhPgbzDl4njyjMNZKMdjN7WU37Kl2_EIj0X3q4C1Zsfe9QCYEi5O9hID1SF0wJmSsdJUew=s88-c-k-c0x00ffffff-no-rj,,,584000,725
UCK9JEqf7LBBx3tkrPx2xvbQ,BullyJuice,2015-11-05T23:27:21Z,https://yt3.ggpht.com/iTKoWeR1gb6EZQRlj0C3afERKPhOodX_pqp8_kw7odKNrFBsCXgQBvXt8HxmSDG6LRWzK8yNqg=s88-c-k-c0x00ffffff-no-rj,en,,9860000,397
UCmzlU-Rtdz2tV1dI7KQvTxw,Hannah Malu,2022-11-29T12:39:20.370923Z,https://yt3.ggpht.com/PV3QfLA6jqtnHrtyoUdEVyGrARLnIN32Xw8vMGzEWd7gV_IO_izP9O4hqGM8mt_lkbD0fOQGSW0=s88-c-k-c0x00ffffff-no-rj,,DE,85500,72
UCN5nzn_bVMohI_mot6FJeJA,Stealth Health Life,2022-05-07T23:26:40.339589Z,https://yt3.ggpht.com/94DN8ek7Mu34710mS35UF5Z1igSJdp5ZvlUJ8OUp5ETbSRT6Ztfir9Njg8nbUEO9VzRXj7ovyA=s88-c-k-c0x00ffffff-no-rj,,,255000,257
UCBSl0BlmfmwefxFDZISN4eg,MackMuscle Fit,2020-03-08T00:10:36.017601Z,https://yt3.ggpht.com/rjTWvKMjC9j5S8qdhBT2wTQcFl9F8FEkOp6EJZlUUOrk9qZeRUAeDeHXjVHNkcoOTqENA8hvZQ=s88-c-k-c0x00ffffff-no-rj,,US,44700,436
UCn6ci8L-ZJZxPz-2Bnzpxxg,My Protein Pantry,2016-09-11T15:21:16Z,https://yt3.ggpht.com/I59vEnwXT4ALIdUcfZoX4UmHD0Qq-frsKnBTtGsWvwcFA-9s4-VVgQIJ_flVLjAj5ha2EholdsQ=s88-c-k-c0x00ffffff-no-rj,,,165000,378
UCBjkIxM3xOuq9H9eFgZASBw,BurpeeGirl,2018-07-27T05:30:54Z,https://yt3.ggpht.com/ZusRwZtRdAwzC8ITBqydj8Aw-N2T9wyDLC-LJ-grKlONg9u5ITv1_G82vaqBEbUYLXkT9HYk-A=s88-c-k-c0x00ffffff-no-rj,,US,1430000,1491
UCfQgsKhHjSyRLOp9mnffqVg,Renaissance Periodization,2012-05-30T15:34:00Z,https://yt3.ggpht.com/NaLOP4zX4qvwHXo00Fa8iJ9_t-io-Ajx-ppPvO1twOz63DvAkzOPeBZiPxvJ_JzLkJ47r0W_fTw=s88-c-k-c0x00ffffff-no-rj,,US,3840000,3932
UCfELpcdi_Oe9aZpGuvPB0ug,James Smith,2023-12-21T18:22:33.661291Z,https://yt3.ggpht.com/tW1oyYpNCqdN2XvLucDxg-JhKGgoEMjXrpnCEk3oc_zlfLWleYiPdjentwuTbi_s19EyaToNM6U=s88-c-k-c0x00ffffff-no-rj,,AU,52300,190
UCP4k407eomZThGHo_9sgMkg,Dr Pal,2010-11-21T02:44:13Z,https://yt3.ggpht.com/qhnej2xG-_yWvgtzRcmJh8ksycBV-mmK9pXaPPhMhCIl7_LFjlnsMJFigqT7xLZpIoX7rKj9=s88-c-k-c0x00ffffff-no-rj,,US,3840000,1323
UCtBSbtxzUe6RBplXLt0H2iA,Nisha Arora,2020-03-22T15:41:46.35262Z,https://yt3.ggpht.com/Y2nXCajHPBR3WUUrEn-Q15OpAYCIkNUGilEDDEEYi-7j41ZU_7solibUXOHQk6wdvOqbS2LDpOY=s88-c-k-c0x00ffffff-no-rj,,IN,1470000,1790
UCVF8TOJp50bW2REOYoe8rGQ,MattsFitChef,2022-08-28T09:41:22.359704Z,https://yt3.ggpht.com/3nzqrrtFO23syN45yjPJaQwtafs4tmV6jKgxGoovHE111f0TXCtRdLbJGBJhXeiM6xqW49ZhXi4=s88-c-k-c0x00ffffff-no-rj,,,40900,298
UCRFUrR52lxM-6gbD3E4UWmg,ISSA,2007-01-08T19:53:04Z,https://yt3.ggpht.com/ReF38D5PVPp0j5T-r5QM4v4K_ixo3WNNe5mQS3zPhXkjHCQ9d1NhNDeMwCANbPl5bND8MbRv3zY=s88-c-k-c0x00ffffff-no-rj,,US,11600,374
UCbVEx9qG_hLrb6FrWQJz_Tg,Nick Bare,2012-04-11T01:14:02Z,https://yt3.ggpht.com/ytc/AIdro_mVx6fQ8UNrMx2sjhQ5JwJyQTCfSXAoznqRdRSZLoxmGqQ=s88-c-k-c0x00ffffff-no-rj,,US,1470000,1034
UC-vpK9-xAvMwqyhVSMCNyHw,Better You Better Society,2015-04-26T21:28:26Z,https://yt3.ggpht.com/ytc/AIdro_lnT_RDtfU2Eu67yj6wKM5VbWCvtlgg0o7K1aWr72zClMM=s88-c-k-c0x00ffffff-no-rj,,US,81800,2959
UCp8IrfyoobKSXtVuC53CvTA,Gerardi Performance,2012-10-23T01:27:58Z,https://yt3.ggpht.com/ytc/AIdro_ma5Ok1sbj1LWacCffT2kvu2rB9yX8swByxZ4JVNIFWy4s=s88-c-k-c0x00ffffff-no-rj,,US,42600,788
UCVaOxihcj9UrvyeKzpklhdQ,Tennis with Dylan,2021-01-19T21:33:44.769502Z,https://yt3.ggpht.com/ZD1jfY_AtbV5SeyPahz5jaGy2vYvYPE-unP1RcGtNmAArJBvW1rEg0aii7cLRfHtcxP-GicVAw=s88-c-k-c0x00ffffff-no-rj,,GB,55800,898
UCEjIjshJ8bvvCkGNk0pkYcA,Jesse James West,2016-05-16T15:28:34Z,https://yt3.ggpht.com/ytc/AIdro_kk2Qpy2IZ4iXFV7i0pJaNN7l8m3lYReyFGu-z60UPityOp=s88-c-k-c0x00ffffff-no-rj,,US,8800000,893
UCcNXr5cfoTz1B1nu3ZDYd6w,Cooking At Pam's Place,2019-05-28T16:41:11Z,https://yt3.ggpht.com/ytc/AIdro_mug1ijol-qPAv5TRlwHQL2TqtW9fxVgy5sKv_cLf_OsDk=s88-c-k-c0x00ffffff-no-rj,,US,1230000,1588
UCtbYqEkfmBqXwOd6a5U4_7Q,MIND WITH MUSCLE,2011-02-22T07:45:58Z,https://yt3.ggpht.com/ytc/AIdro_lZVrJ7kByUBHn8XsDKqcKVPsJJ_kcsWu_wMzpkLYWT0hak=s88-c-k-c0x00ffffff-no-rj,,IN,1470000,1316
UCQNZ8KCt9xiOVgYTxcIboTg,The Brandon Vu,2010-01-08T04:39:37Z,https://yt3.ggpht.com/V_Tj6bEi36OVXSHRixuT2JHkulQcMCSZvec6rZwTY49L7Pdn2vbvRcoNdOpnzyfzZJGAe_R7_g=s88-c-k-c0x00ffffff-no-rj,,AU,1390000,992
UCWPQJeWz4pvccA3lIoZ7j1Q,Dr. Gabrielle Lyon,2018-10-27T00:22:35Z,https://yt3.ggpht.com/yhXPvmwbsQnKbqo9WdDPW1lZ2swOGJZOgnoHWuL0mNV7jCrnALzG-23b8QeAVtHG7lElBiFAYw=s88-c-k-c0x00ffffff-no-rj,,US,268000,950
UCWsJMMwrswWyIhxpUKqLQwA,JTM_FIT,2015-06-16T18:50:46Z,https://yt3.ggpht.com/s9kwokXbVxHqTBJkWize4ixIgWwOCdtVvwxCs-9ArTXaMISS0uvGURRpWhSmk3bO1ikzLzj-lg=s88-c-k-c0x00ffffff-no-rj,,US,159000,730
UCGmk8tyMcpwEiiDxth805rw,Alyssa Jobes,2016-11-16T05:05:24Z,https://yt3.ggpht.com/_EYckbYyaGoGqlTB1F6uhnqjPtM-2oCAHwoKNydnqjpoFJyilvbltUzYG0v9Ev1l7wT0HaV5sA=s88-c-k-c0x00ffffff-no-rj,,,22600,495
UCh2w-xqEwSz96sbn2afbOVQ,Redefining Strength,2014-07-27T00:59:18Z,https://yt3.ggpht.com/ytc/AIdro_m5LIunjd0mK2uFsSex49hEbinvIzKX1XJxDt6XEaP4ccA=s88-c-k-c0x00ffffff-no-rj,,US,887000,712
UClSeSkGwv-BpgxesB7UU4_g,Diana Conforti,2020-04-18T23:49:21.970902Z,https://yt3.ggpht.com/z-nV-jwm7htx8Q8NMbcW70bFELE-ki9Ro3tB_gkgwnAz9vrcqrl5wh5Sxjf1A00jg0aw4xzi-w=s88-c-k-c0x00ffffff-no-rj,,CA,265000,89
UCWDzPU7j87KM53TSQRlSaMQ,Single Foods,2023-06-02T00:02:06.525968Z,https://yt3.ggpht.com/en8wIL2lm_x0yqc5k7cBhtqfEo8whb59jHoLjX4lhS3J7IrWI-Xxez6WyK7-dQoQrdFgLr-P=s88-c-k-c0x00ffffff-no-rj,en,DE,66500,390
UCpis3RcTw6t47XO0R_KY4WQ,Caroline Girvan,2015-10-25T22:49:02Z,https://yt3.ggpht.com/SFOuP_iRJrdGFfXu67IAO-EcWJPUhePfh6E9WAUs3N7PdWhYsctmXQHEvmHPUHNgVaJajj6i=s88-c-k-c0x00ffffff-no-rj,,GB,4310000,641
UCXDCEbmjq6ynXKTf-EaocOg,Fitnesstale,2021-02-01T13:56:55.74267Z,https://yt3.ggpht.com/ytc/AIdro_npLAWdV44lZgCIFnmGHPXf7fHVRJsMrvgRn5S-E9wsJQ=s88-c-k-c0x00ffffff-no-rj,,IN,125000,794
UCbF2mbaILQtazQEkaQc9Jng,mallorythedietitian,2024-05-05T01:20:16.895287Z,https://yt3.ggpht.com/IjVHNeiBU9qdb-uDszBZlJpJ7Ene0mxBJgIL1TN8iKEe5Y6NAGxN3fqeHPu5mSX9HvqjOiRbrg=s88-c-k-c0x00ffffff-no-rj,,,28300,281
UCrkjd_Kk3uFQWxGPmofeNsQ,LISAFIITT,2017-09-16T20:53:15Z,https://yt3.ggpht.com/NofClSXNBEuUpgsQmRBQR2kE9wlZXdMhnL49Sz8j0p1DqotBYbE__ULtv-SdK8fWAdtgi4CPcWg=s88-c-k-c0x00ffffff-no-rj,,GB,316000,644
UC0PZtgIWY5__DxIR0iVttQA,Kaleigh Cohen Strength,2021-03-02T05:40:12.440187Z,https://yt3.ggpht.com/87SGe9zd7AAsNiXAnQLc-PLAp-y5c_OEoP9yGrJOmoEwXt8hH5NGePIHoiDeNp7eA_Q9Kd5s=s88-c-k-c0x00ffffff-no-rj,,US,473000,803
UCpo8nUHB_Sgr1EaVkm8VU6A,ARM'S STRONG FITNESS,2022-01-09T08:53:04.345781Z,https://yt3.ggpht.com/fFC6wvxsjjfS26uHvs1JLn2v2eM20zkLOqo9brR8iF-WUTIWWrCTJRCdV6Wnm4MY2IfBvTqXufI=s88-c-k-c0x00ffffff-no-rj,,US,139000,777
UCWz6fyEYAvb0KCtVrJy8AKA,ryanfischer,2007-03-20T06:56:00Z,https://yt3.ggpht.com/latZVPx9D8W4Na8jzPf5lyk_ZQCwsKVhI6WFezdK6oS4QRMJyZmk1VelTmvrefcpSew8vyxj=s88-c-k-c0x00ffffff-no-rj,,US,137000,1220
UCHrfK1_TSOrxYATHNKDWLrg,Wan Aesthenix,2020-07-20T02:21:42.136521Z,https://yt3.ggpht.com/pOItzll_KAokKwDem_XmJ0LzbNbcKObCUEgKXSzGcJgoFPPJ0FGn2VXn-QN1CZngVsc9loFj=s88-c-k-c0x00ffffff-no-rj,,US,186000,533
UCmGemR33N9EDAkNYM0Anl2A,FitLyssLifestyle,2023-04-07T04:26:30.875667Z,https://yt3.ggpht.com/TcxcFJ2eAHGQowAeE0W8hToSisZS2EGWSjh_6MVsnAdLd75mpAGo23ark49NXRI-fWKsQ38u2g=s88-c-k-c0x00ffffff-no-rj,,US,58800,489
UCanGaUp9luSTbqkCh9zVUIQ,Workout Health and Fitness,2023-07-26T10:47:39.400413Z,https://yt3.ggpht.com/BhyBd0xnsiYvXjyAPyPvoHyf1qhvK8CH0dxMK7QD_gK8lq6oDOKHTAuUnzdRobchA0B5UBV1=s88-c-k-c0x00ffffff-no-rj,,IN,59300,41
UCjP1qqdUt2rRUM3r_4-4MMg,Jessica Valant,2013-09-04T21:47:39Z,https://yt3.ggpht.com/CQCehpY1vX-r9T0Jbgj-cYI5tQ0Ab8ez6-m-ROv-p8LyOiPUVoDCuKG_UbEim-u_uU9OLC_6MA=s88-c-k-c0x00ffffff-no-rj,,US,1090000,665
UC1ll_4DblySYDARZcbOt3xg,Isla Rune Pilates,2025-03-25T09:43:40.147531Z,https://yt3.ggpht.com/G2-opMdTlMjye71zWnrQVAFyIK1Ze70iiBbuZ5W3wsxS285G6k6I6srrrB3ckC16nFjOh3LXXg=s88-c-k-c0x00ffffff-no-rj,,KR,438000,261
UCN4ibh23BcqYUSqAGXNLI-A,The pronav,2015-10-02T17:55:07Z,https://yt3.ggpht.com/2dakWvlWRaVhCMRJ0-crzGzHqL0T4K99def5odE2gIEXzYdAeaD1glNrY31QjWRJKgi4GyaQeQ=s88-c-k-c0x00ffffff-no-rj,,CA,4000,199
UCH_9z5v40C6X9oF3sWzL6BA,Lee Lem,2007-09-22T06:32:48Z,https://yt3.ggpht.com/6pYo45MBT46EbyR4JFsZZB0jO9iZVBZQpa2BGwEOa4sKXwQk_nMWH5Uo980VBFVI0iSBZdgP5w=s88-c-k-c0x00ffffff-no-rj,,AU,733000,779
UCduSVNApvBELfswY_ElMkOw,BarbarianBody,2015-10-21T16:52:00Z,https://yt3.ggpht.com/89D5wiriZ5Qy5SeyB1oM8uW4EkB_t0wNyLMcyZYOjHpB331rxVBgZq9kbGWdmGPj07SCYidz_w=s88-c-k-c0x00ffffff-no-rj,,CA,931000,493
UCSvoZtSPcju-jTBwxwh_29A,Ankit Baiyanpuria,2013-07-22T00:59:49Z,https://yt3.ggpht.com/hQxG_OMmhHRoTot0tvQJcGJ7VPzv9_Lh6TOISDM4saZoLMc2N9pdNbnqGTV-LgHHNAtC0EQ7=s88-c-k-c0x00ffffff-no-rj,en-GB,IN,4720000,964
UCANHPTFjTMoL45WjQ2qaokg,FITTR,2015-04-30T07:21:55Z,https://yt3.ggpht.com/Uw4Gu5YiGc7zu7ICwAAgFJ46wjoU4piikyaayjUiFeQAw75UATtbQ9WJqZgHp3ZS2DSxvA9YJLw=s88-c-k-c0x00ffffff-no-rj,,IN,412000,984
UCNcGuPRKIoQTPX__Di_NoRA,Casey Kelly,2022-06-02T20:24:12.06349Z,https://yt3.ggpht.com/AbctB7uBgv2xEAoW-p9RbFJuJhzNk0AIwiISc0XZQmxaQuUeZxMWodE4u2f1cbIto9eYOLM-=s88-c-k-c0x00ffffff-no-rj,,US,408000,1108
UCR2yJL_98oxwely9goXFgRw,Don's Cookbook,2021-08-12T05:06:42.859254Z,https://yt3.ggpht.com/_05tqfM6Sx5wF4y1o4jAqDoGUK4rKvnXLlzjuQFvyQyR5YVoy2OBLesTJiDQhKO2AAniFSfqwA=s88-c-k-c0x00ffffff-no-rj,,AU,4240,20
UCtoCSRviHk6uFIb-zqeo4yQ,Sean Nalewanyj Shorts,2021-08-13T10:46:53.520117Z,https://yt3.ggpht.com/Jq3fNo1sPUqugMOtHXirTtz0hZcsIO10XN08XXPYRG7fB0c6vm-9VT2qGMbT9L8UWFADgtcV=s88-c-k-c0x00ffffff-no-rj,,,1330000,500
UCCgLoMYIyP0U56dEhEL1wXQ,Chloe Ting,2011-08-17T04:29:09Z,https://yt3.ggpht.com/ytc/AIdro_n_1ODQx19XQ6G29JytVGt1maDNJEzakv_Lz24UVY60gZE=s88-c-k-c0x00ffffff-no-rj,,US,26000000,510
UC4KcYOaF7xLDoYQ8ndw4dQg,Starboy_camair,2013-10-26T22:08:08Z,https://yt3.ggpht.com/eJkapOSuz2oK5Vb3Oc3Kc89nRXm1y7_WhZ0I4rOt8JnDq_BFEEzHFyH9tFaTm-2ph3_Vx8-IVQ=s88-c-k-c0x00ffffff-no-rj,,US,61800,297
UCVQJZE_on7It_pEv6tn-jdA,Sydney Cummings Houdyshell,2016-05-17T14:33:00Z,https://yt3.ggpht.com/ytc/AIdro_mp6AG0j9tNMjXjCOMHxkl5mtGRFbkEGYDhK82440MUzTo=s88-c-k-c0x00ffffff-no-rj,,US,3170000,2289
UCUyDOdBWhC1MCxEjC46d-zw,Alex Hormozi,2009-01-03T19:02:35Z,https://yt3.ggpht.com/29XFUn3pc3cC81yUUCFiyCKKdgi856IGMJ4EZBnf53zTfrWWUGvmYnYGx86K08f4XR03UxpWyw=s88-c-k-c0x00ffffff-no-rj,,US,4050000,4571
UCGiSCVGNukLqv8hwpKCsQKQ,SELF,2006-11-16T05:47:43Z,https://yt3.ggpht.com/ytc/AIdro_l6an-yyV8vKqXuL8GFQLYYXWPrQm32dK28xrV4sg_vTjaW=s88-c-k-c0x00ffffff-no-rj,,US,1380000,1064
UCKteslZuB3Xv554WZf3kMLA,Neurodivergent M.D,2011-01-16T14:35:29Z,https://yt3.ggpht.com/JRJI4w2FpCLKjfMqG0K_krwyxX7NTICnDiGK92CZzu5sgVKfP-nZUvX73_60gAiiPIAVCNuA=s88-c-k-c0x00ffffff-no-rj,,,1660,1
UC63-QV_GDomHm0eAi_oR0Pw,Hanna Kim,2015-03-20T11:14:58Z,https://yt3.ggpht.com/1uTi0EZKUHdWZqQQ-ovjbfnVBejYHm5EBrAO_4eBnIdewqrSv_OGkWZL5n3wOkShAkGi6d0qdg=s88-c-k-c0x00ffffff-no-rj,,AU,200000,87
UCkWYei5MULuRDhH7uxtZqqA,SeniorShape Fitness,2020-06-03T17:34:49.724904Z,https://yt3.ggpht.com/UkEHbGpls4ITnystgjLeII6-8WzzR063nFV2IJ2ktbMWpbuDD31WZB0hCbzv-wuGzoD9noYuP80=s88-c-k-c0x00ffffff-no-rj,,US,782000,369
UCo4aEg_lco6-ZQgCMUOd8VA,itsdrewmoemeka,2021-01-28T04:01:47.509977Z,https://yt3.ggpht.com/S4xE7SvriolB6iRs4uTw2WFlRDJknvQFmPFZCZAwmcZHCZtM2_T2w6KYn-26RkgMAYbrp5MtPQ=s88-c-k-c0x00ffffff-no-rj,,US,779000,297
UCdTpg5EtOBtCbNDu5opXThQ,Randumb Fitness,2022-12-26T17:36:36.613694Z,https://yt3.ggpht.com/cirZcMr4VrXHlfHZGP-U0iw45DFfDwyfYAdf_H6KLxbagZ0bimAu7-Z2H2QjtI5QQVmgZO1Dmg=s88-c-k-c0x00ffffff-no-rj,,,248000,47
UCUOdTQuFq4Z-36QSlWHg9Ig,The Nitesh Fitness Empire,2022-06-01T16:44:39.018346Z,https://yt3.ggpht.com/FGInGPSom-N5eNuspuQ7aRaG71YPLB4xjM0acy9EUcKjixro4TC25zioUmaF0utLiLadsWP2=s88-c-k-c0x00ffffff-no-rj,,,2350000,1765
UCIiI9tAbgvSPPL_50gefFtw,nourishmovelove,2015-01-07T03:03:09Z,https://yt3.ggpht.com/PqpuyZt6FT2rGOPPT2HT0EP64adkkZrsU6gWf_ETfDkRUtN2Je2EG5P2dWg5ws6dr5Da_gtpeVU=s88-c-k-c0x00ffffff-no-rj,,US,1020000,1856
UC1m03caTkdixNqlfzlrs7UQ,Eric Roberts,2019-07-09T16:13:33Z,https://yt3.ggpht.com/_dCyYE2oc7BWgzWgEKSPD58sMaLsKuffr8cVvJSWxlKRP941alWcAIWuPaXfVbr_QJtV-qr_rg=s88-c-k-c0x00ffffff-no-rj,,US,164000,1032
