account_id,username,bio,followers,posts,verified
61774773011,246_divine_clothing,"Baby - Adults clothing 
NO HOLDING POLICY 🚫
DM for more info 📱
📍Hindsbury Road
📸 tag us in your photo",1459,479,False
56453391166,4u_accessories_official,"The ultimate destination for fashionable bags & accessories 👛🕶️
Orders through DM only
Kousba El Koura - El Arz Highway - Mar Elias Center📍",4471,767,False
1592761066,505communication,"🇫🇷 PR Agency
 📍Paris",1533,444,False
50507910740,9200_anujrai,"..(⁠●⁠♡⁠∀⁠♡#^⁠_⁠_⁠_⁠_⁠_⁠_⁠_⁠_⁠_⁠^
   ... 20k♠....
    I bèlīèvë ū 🥺
....#MAHADEV....
       ❤❤‍🩹😌
   °20k..♠🎯___🏃‍♂️👀🥺
WISH ME (05) OCT
🧕🥺💔",622,33,False
2715079807,_.rohit_thakur_bhopal._,"कर्मण्येवाधिकारस्ते मा फलेषु कदाचन।
मा कर्मफलहेतुर्भूर्मा ते सङ्गोऽस्त्वकर्मणि॥
India 🇮🇳",728,91,False
20548519809,__________prettiestproblem,"Hopeless Romantic🥀 
Fashion || Lifestyle 
MISS POPULAR NORTHEAST QUEEN 2022👑
📍Assam",3622,364,False
301580272,___greatness7,"Creative Visionary
Founder @house_of_fizzooo
Styling • Direction • Visual storytelling
🎥 Daily fits & transitions
TikTok: @__greatness7
YouTube ⬇️",647,26,False
9124683560,___m.zaman,ٱلْحَمْدُ لِلَّٰهِ,845,45,False
73581410688,__phoenix__02_,"#r15v3 😭💙
    
        ⚡",1196,3,False
50793111752,__rumi__sultana,Assalamualaikum ❤️‍🩹,1439,47,False
40734940167,_clo_wear,,40,6,False
48560304048,_dikshasaikia,"Serenity 🍃
Miss Teen Junaki North East S-1
Managed by @junaki_entertainment",1342,12,False
63819105106,_evergreencollection_,"-bαsᥱd ıᥒ Sɯıtzᥱrᥣαᥒd🇨🇭
-ᥒo ᥱxᥴhᥲᥒgᥱ & rᥱtᥙrᥒ
-for ordᥱr DM
-ρᥲყmᥱᥒt vιᥲ Tᥕιᥒt or Bᥲᥒk Tɾᥲᥒs𝖿ᥱɾ",1161,21123,False
47364064478,_miss_bliisss_,"𝓝𝓸𝓽𝓲𝓷𝓰 𝓲𝓼 𝓯𝓸𝓻𝓮𝓿𝓮𝓻 
𝓫𝓮 𝓴𝓲𝓷𝓭
🤝 Collabs / Paid PR: DM 💌
Winner of:Glamorous icon of badlapur 2024
You tube chanel 👇",783,95,False
50565376292,_mohitace,"Fashion | Lifestyle 
Dehradun🇮🇳
Unbothered. Evolving. 🐺
📩 : mohitgoswamiofficial02@gmail.com",21351,192,True
47007293246,_nj_be_charmed_,"THE FRENZY HUB 🧚‍♀️
ONLINE STORE  🏪
Dresses,sarees,Kurtis,Jewels, Accessories 
All India delivery services Available 
No COD, UPI Payment available",863,3,False
41711620494,_whattheywear,"👀 outfits for skirt girls
⛑️ dressed for things that aren’t happening",20,6,False
76736085060,aalianay4sep2025,"Bannu, Islamabad, Multan🌏🌐
Formals|Casuals|Handmade embroidery🥻👗👚
100% Customer Satisfaction
ONLINE ORDERS ONLY📥📤📬
Contact 📞+92 3228314520",68,243,False
46134152823,aara_vfashion,"🌸 Aarav Fashion > Specializing in Kurtis, Jewelry & More 👗💍
Look Good, Feel Great!
💳 Safe & Secure Payments
Shop Now 👇",18,16,False
73072618260,aaraahdesigners,"Hand Embroidery|
bridal blouses✨
aari works ✨
pattern blouses✨
crop tops✨
lehangas✨
customized frocks✨
embroidery wrks🧵✨
Kangayam 
9976049990",260,82,False
65713903526,aarthis_handcrafts,"😎Admin @_aarthi_official_ ✨
📍#velanganni ✨
💌 Check out DM or WhatsApp ✨",116,19,False
80499271809,adhdlimited,"ADHD Limited™
Streetwear med karaktär
Limited drops. Ingen tristess.
Tillverkas on demand ♻️
👇 Shoppa nu",2,33,False
67965058771,adonis_street_wear,brand,866,63,False
79951276829,africanfashionankarastyles,African Fashion is here to give you the most up-to-date fashion from Africa,4,297,False
44230775908,ahameddeedat119,"🇱🇰 Sri Lankan
📍 Living in Qatar 🇶🇦
  Forever hers🤍
  Faith ✨ Love ✨ Peace 🌿
 💪 Gym Lover
 🚘 Driven by Passion
 ⚡ Just Discipline",33,5,False
78411020283,aira.in___,"🖤 Aira.in 💫
💎 Everyday stylish jewelry
🛍️ Retail & Wholesale available
✨ Min order ₹1000 (wholesale)
📩 DM for catalog",1451,215,False
65782945774,aksa.berry,"Fashion lover 🩰
Just for fun 
💌: oksanailnitskaya97@gmail.com / dm
📍Barcelona",2215,587,False
41147760423,aktober_official,"kuch apna🫶kuch naya 🫣
wear it - feel it - live it 
   ‼️ Coming Soon ‼️
🌐 under construction 🚧
📧 typing-typing
📞 chill karo add ho jayega",4,2,False
2163659388,albertealbertine,"Skandinavische Mode in HH-Bergedorf
Willkommen bei Alberte & Albertine. Hier findet ihr die schönsten Bilder von uns und unseren Labels.",1330,2100,False
29678201260,alunastudio.pl,"Pomagam kobietom odkryć swój styl i najlepszą wersję siebie.
🎨Analiza kolorystyczna Śląsk/Online 👗Typy sylwetki ✨Styl
Oferta⬇",92,13,False
45555963945,amayra_designer_studio,"Location :savan complex,gurkul road,shubhashchowk,Ahmedabad 
time:11-9 , official No-9998210145 
Owner- @swapooo96",148592,1554,True
62438361264,amit_up_94,"╰‿╯🇦 🇲 🇮 🇹 ꧂
🤗 Welcome to my profile 📍
🌺 Offical 🍃 account🩹
🖇Wish me on 29 Dec🎂
❌🍫No Attitude ☺️
       🧿🌺 Simple Boy
🎶 Music ✨ Lover🎵",1086,62,False
80092819800,amna__fashion_designer,"Footwear & Fashion Designer
Luxury Heels | Abaya & Clothing Designs
Custom Designs for Fashion Brands
Open for Projects & Collaborations",7,35,False
8018103271,amypmorris,"I never thought I would be LIVING THE DREAM but here I am killing it!!!
LIFE AT 50...FASHION👗 TRAVEL🧳FUN🍷 
Newnan, GA 🍑",1113,918,False
40960851692,anchorbluetrade,"Shop now @ www.kalpanadress.com
👗 Ethnic + Modern Mix
Where tradition meets trend 
Kurtis • Dresses • Fusion wear
Made for modern Indian women 🇮🇳",0,7,False
42083669947,anime_addict.shop,Store for all your anime needs,3,24,False
46727315436,anrostreetwear,"CUSTOM CLOTHING SERVICES FOR BRANDS👕
7-14 DAYS TURNOVER-DAILY UPDATES📍
PLACE YOUR ORDERS
WHATSAPP : +923306114343⬇️",1020,289,False
75949729168,ansu_nepal_,,14,6,False
56717066000,antonio.ventriglia.civico60,"🕦LUN 16:00 20:00 
DAL MAR AL SAB 9:30 13:00 16:00 20:00
Shop on line “streetwear casual classic & shoes 
PER INFO E SPEDIZIONI 📦3487925931
🔥💣🔝",2319,3035,False
52748661737,aromazing_,"✨Fragrance reviews & scent hacks
✨beauty | lifestyle ✨
📧- aromaazing@gmail.com
📍𝐔𝐊🇬🇧",8025,689,False
1424727804,arshad.an,,7290,247,False
75366218696,artandthreadbymohini,"Welcome to Art & Thread by Mohini,
 where creativity comes to life through art and thread! 
Join me for unique ideas and artistic inspiration.",52,126,False
78602596670,artifacture.co.uk,"Independent Design and Print Studio
Clothing & Accessories
Individuals ▫︎ Teams ▫︎ Events ▫︎ Businesses
Custom
T-Shirts • Jumpers • Hoodies • Access",7,48,False
2997530494,ashmith_kunder,"Actor:The Family Man, Guns&Gulabs
Director:Dove,Nestle, McDonalds
Writer:Teesmaarkhan
Editor:ShorInTheCity,Dasaavataram",29967,831,True
31278331513,ashraf_guj_4770,"✨ لا الہ الا اللہ محمد رسول اللہ ✨
stand with iran & palestine ☝🏻🇮🇷 🇵🇸",507,79,False
5906649311,asiawoodz,"Stylist | PR @A1of1brand 
NYC
info@asiawoodz.com",4922,12,False
48508603362,asset_hetic_,,2,15,False
13445175228,atelierdegroot,"Handgemaakte leren riemen sinds 1965
⚒️ Plantaardig gelooid leer
⚒️ Gratis verzending binnen NL
⚒️ Duurzame én eerlijke materialen",285,14,False
80134155913,atg_legacy,"ATG — Alexander The Great
Legacy Since 1989
Clothing & Accessories
Limited Drops Only
DM to Order • Prepaid Only",141,21,False
37775735027,atouchofgoldofficial,"Step into a world of elegance at A Touch Of Gold and embrace classic silhouettes & stunning vintage embroideries since 1988.
WhatsApp us 919811636366",3879,191,False
58193356835,attempting_tall_timeless_style,"🇺🇸in🏴󠁧󠁢󠁳󠁣󠁴󠁿.Thrifting, clothing swaps, quality workmanship and flattering cuts. Glasses. Wool. Being tall.",199,138,False
80472935707,aura_fitsofficial,"Aura Fits ✨  
Casual & ethnic outfit finds 🤍  
Simple • Elegant • Everyday wear  
DM for product links 🛍️",191,16,False
10360511366,azuro.ng,"Premium Textiles | Lagos.
Tailoring starts with the right fabric.                                                           DM or WhatsApp to order 🚀",570,116,False
7934314569,babydollsfashion_leigh,"📲 Message 2 Order 
👗Ladies clothing store
🙏 No Refunds 
🩷 Exchange Only within 14 days 
🚘 Off road parking",7861,11622,False
72045785305,badass_mens_wear,"*  BADASS MENS WEAR 👑
*  Online Delivery Available
* No COD
* For Enquiry
☎️ 9025775526
📍No-11/5,Bharathi nagar main road,
     NESAPAKKAM,CH-600078",18160,353,False
1152127396,balagura_alla,"designer @balla_bags since 2005
celebrity stylist @lubo_milo 
🌟Creative Designer for Artists & Fashion Stylist / Worldwide
🧜🏻‍♀️Mum of 4
📍MILAN",52635,2550,False
69547697650,barberia_tatabanya,"A Barberia Tatabánya megnyitotta kapuit a Vértes Centerben, hogy minden férfi számára egy különleges és prémium élményt nyújtson.",208,136,False
72876501125,bayoushopaholic_,"Bayou girl ballin on a budget
Fashion, Home, and Lifestyle! 🫶",1340,16,False
65520651257,bbwears_by_bella,"👗Elegant | Chic | Fashion 
👗Luxury Online Store 
👗Unisex Quality Wears
👗Shop Via Dm
Hotline: 08063698227
Lekki, Lagos, Nigeria 
Pp; @bb_eleve_rentals",1230,316,False
77765174206,be.se.si,"Plant-based materials.
Truly limited pieces.",320,35,True
278014250,bethanychisholm,"†
belfast
just photo documenting life things
@bethanychisholmphotography",9667,3676,False
49542829473,bhagwatigorakhpur,"Ethnic wear, bridal lehengas & party wear for women.
 Trendy outfits for men & kids. Premium fashion at best prices. 
Shop now.",1912,1171,False
33408077055,bhavani.irl,Cynophile🫶🏻✨,370,19,False
46247097257,bkfamily_bkkurti,"•Quality Guaranteed
•9606046019📲
•No CoD❗️
•Free Shipping🇮🇳 
•Bulk/Single Orders Accepted📦
•We Ship Worldwide🌏
•Boutique Collection",1223,2168,False
51408601979,boutique_seconde_main,"Magasiner dans une ambiance chaleureuse et musicale, où on prône la mode écoresponsable. 🛍️♻️
#thrift #friperie",515,173,False
498270203,boxhillnz,"Kiwi-owned since '02 🥝
Our Perfect Fit Promise 💖
✨ Free & Easy Exchanges
🚚 Fast, Guaranteed Delivery
Shop Online 👇",11196,21390,False
48367143314,boylerpfantiques,"Online seller of antique and vintage jewelry! 💎
Est. 1996
Worldwide Shipping 💌
Layaways Welcome!
Shop The Boylerpf Collection!👇",21614,2014,False
49816703019,branded.babaa,"Owner @officialmayanktiwari 
Trusted seller since 2015*
Free Cash on Delivery all over india 🇮🇳 
For order contact us on whtsapp 9891093488 or dm us",16062,11490,False
3672393024,brookerosedesigns,"Your one-stop shop for style, savings, and the latest trends! ✨🛍️ Your wardrobe upgrade starts here! #shopwithus #shoplocal",447,1281,False
40957986089,brownfitlab,"Practical men’s style for real life
Placements → First job → Daily outfits
Look sharp. Spend smart.
↓ Start here",212,6,False
9254362564,by.fattemah,"for haute couture , evening made to fit you
suez, egypt
01150649797
01061077625
السلام1 الشبراوي ش ابو عبيده بن الجراح 
    location link📍👇🏻",5895,74,False
651707868,caetanaba,"💌collabs & inquiries: caetana@listheagency.com
Lisbon, pt",677485,1594,True
76969224732,cantikaapparel,"✧ 𝑬𝒙𝒄𝒍𝒖𝒔𝒊𝒗𝒆 𝑷𝒓𝒆𝒍𝒐𝒗𝒆𝒅 & 𝑩𝒓𝒂𝒏𝒅𝒆𝒅 𝑪𝒐𝒍𝒍𝒆𝒄𝒕𝒊𝒐𝒏𝒔 ✧
Based in Cibubur
DM / WA 𝒕𝒐 𝒐𝒓𝒅𝒆𝒓",13,255,False
12481122156,celloboutique.lb,"FASHION BOUTIQUE 
📲03 258 327 WhatsApp 
ZOUK MIKEAL- FACING NOHAD NAWFAL",1252,422,False
1334505742,charif_been,"وَأَن لَّيْسَ لِلْإِنسَانِ إِلَّا مَا سَعَىٰ ] 
🤍، ✨، 🌿، 📖",1532,3,False
1426621879,chelseacharmss,"To style + empower + explore
📍Toronto lifestyle/fashion/beauty
Collabs 📧 chelseacharmss@outlook.com
💍My only instagram",12674,892,False
5950043285,chetri_afs,"Assam Finance Services, 2024
💼""Government of Assam""
|Proud Gorkha| |❤️ = Gymlife|
 Join the journey 🌟",1703,181,False
74167996685,chirag___nx,"shop no.C/8 shopper Spot,Opp.Gokuldham Police Chowky Malad (E) Mumbai -4000097
PREPAID ORDERS ONLY FREE DELIVERY ALL OVER INDIA
MOBILE NO: 8928460542",47,55,False
56702726964,clothing_empire_wale,"ੴ
ਜੀ ਆਇਆਂ ਨੂੰ
@_kpsingh__ Owner
F-8, kalka ji , opp third wave coffee
WhatsApp-9958335963 (Reply within 24 hrs)
NO COD
Store location👇",477,479,False
6640403704,coutourplusconfidence,"📸 YOUTUBER (>74K views)
📽Digital Content Creator 🎥 
🔹EST. 2017 🔹
CHECK ME OUT ⤵️⤵️⤵️",406,1711,False
68616275437,creationsbyjoanna_,"~Hndmade creations~ 🤍
~Handmade knitting~ 🧶🪡🧵
•DM for orders 🗨️💌
•Free shipping over 25€ 📦",477,90,False
58118764106,crystal_fashion33,"Welcome to the fashion world, created with lots of love! ♥️
The Bulgarion Fashion Brand 🇧🇬",307,22,False
7169171016,danish_umear,"𝙱𝚕𝚊𝚌𝚔𝚘𝚙𝚑𝚒𝚕𝚎 🖤
""𝙳𝚛𝚎𝚊𝚖 𝚠𝚒𝚝𝚑𝚘𝚞𝚝 𝚋𝚎𝚒𝚗𝚐 𝚜𝚌𝚊𝚛𝚎𝚍, 𝚕𝚘𝚟𝚎 
  𝚠𝚒𝚝𝚑𝚘𝚞𝚝 𝚔𝚗𝚘𝚠𝚒𝚗𝚐 𝚕𝚒𝚖𝚒𝚝𝚜 ""..... 
""𝙳𝚛𝚎𝚊𝚖 𝚋𝚒𝚐, 𝚑𝚞𝚜𝚝𝚕𝚎 𝚑𝚊𝚛𝚍𝚎𝚛 😎"".....   
🌀 🍡 🤼 🐟 🥡",2579,77,False
62806596021,dansgrids,"Streetwear & footwear creator
Daily fits Clean aesthetics
@fanatics Creator
collabs: dansgrids@gmail.com",6834,978,True
385873607,davidrodriguee,"Exploring life and style :)
Madrid - Cádiz 
infodavidrodriguee@gmail.com",65870,4261,True
42919620463,deepas_aura,"​💜 Curating calm & lavender moments
​✍️ Aesthetic | Fashion | Lifestyle
​",63,7,False
43305453510,deni_officialco,"Adjustable Clothing, Natural Fibers, Made in the U.S.
Launching June 2026
📍Raleigh, NC",651,129,True
38726218243,desi_denim_wholesale,"🔥 Jeans | Shirts | T-Shirts | Baggy | Cargo
🏭 Direct Manufacturer & Bulk Deals
📦 All India Shipping
🚫 Only Wholesale
📲 DM / WhatsApp for Order",1,1,False
42571256975,dhanush._7k,"🛍️🛒
 ~ 𝟎𝟓:𝟑𝟎
𝙈𝙤𝙢𝙚𝙣𝙩✨- 𝙃𝙤𝙥𝙚🤞-𝙋𝙤𝙨𝙞𝙩𝙞𝙫𝙚⚡",69,4,False
79587686681,dhfc.lk,"DH Fashion Calendar ©️
Fashion Calendar Project
Curated by Dasun Harshitha
Actors • Models • Editorial Shoots
Sri Lanka 🇱🇰
📩 Press & collaborations",24,11,False
73538035324,dhiva_46,Flawed but authentic ✨️,258,11,False
46130366438,dimpyvastra,"Affordable &Beautiful sarees for every women💛
 💳 secure online payment
🚚shipping- All over India🇮🇳
📩DM/whatsApp to order
📱9187645525",72,37,False
57212011715,directedbydivine,Visual Creator/Director.                     🐂.,874,15,False
57789629087,divya2010._,"#br26,#hindu🚩 
collecting memories,one adventure at a time. 🌎
👻=Divyakri2010.",517,2,False
59578119885,divya_love11,"1st Cry 😋 23 March
Beauty Queen 👸
#follow fast guy's
AI-generated digital model
Fictional character 
Manged by Real Person
Content most 18+",0,0,False
66091199956,dopaminedivas,"♻️ Sustainable, upcycled, slow fashion made in Worcester by a neurodivergent goblin
🛍️ Shop in person at Redbrick Market, Birmingham",586,204,False
4872544045,dressbymeri,"✨️Igual a você, diferente de todas!
🛍 Aqui você encontra seu look completo!
👇🏻Clica no link e chama no whats 📲
📦💌Enviamos para todo o BRASIL!",4503,3891,False
72101802698,dressme70,الفرع الأول:دمياط-ف ميدان سرور أمام مدرسة اللوزي                                          الفرع التاني:دمياط-عمرو أفندي ش mens club جمب استديو ميرامار,11380,2733,False
43823556087,edits_ekko,"Turn your photos into cinematic visuals
High-end edits | Basic Edit: 35 AED | 3 Photos Pack: 90 AED | Premium Edit 60 AED
DM NOW!",3,5,False
44519410085,el.emstudios,"wear everywhere
do everything.",178,46,False
52525178106,elite.editionn,"Curated essentials for an elite look ✨
👜 ⌚ 💍
Minimal. Classy. Affordable.
📦 PAN India | COD
📩 Orders via DM",5,1,False
48624317767,elorafashion2026,"Luxury style ✨
 Fast delivery 🇦🇪
 Shipping 🇸🇦
 DM to Order 📩",7,28,False
62453652842,emilia.storeby,"Ropa exclusiva Americana ✨🎀
Envíos a todo el País 🇨🇴
Tienda Física y Virtual🛍️🛒
📍Puerto Boyaca",495,761,False
1010713830,energystorefr,"📍 Ajaccio - Bastia - Corte
👟👕 Lifestyle & Sneakers Concept Store
📞 04.20.40.60.90
🌍 Notre univers :",17806,10291,True
59189871267,escapedie,Escape The Ordinary,10568,8,False
80582509214,eshara_boutique_official,"👗 Trendy Boutique Collections
📍 Meruvambai,kannur
🚚 All India Delivery Available              
📩 DM For order 
📱 WhatsApp: +91 99477 80221",1484,34,False
63220536971,etnic.ayna,"Ayna Ethnic✨
Manufacturing 🏭
New  Designs Every Week ✨
Direct From Factory 🏭
Wholesale & Retail Available 
Whatsup: 97372762371",2,6,False
1593402439,evansdarren1,,132,28,False
32034499770,fabrics.fashionvilla,"Fashion Villa deal in retail and wholesale of beautiful designer fabrics! 
💗We Ship Worldwide 🌎 
Googlepay/phonepay/Western Union
wa.me/+917073030004",37555,10263,False
76897985903,fashion__forwerd,fashion shopping app 🥳 har tarh ke suit materials kurti paint with dupatta sarees sharara garara lehenga💃💃💃 har tarh ke single dupattas and etc.,9955,615,False
47706457631,fashion__trend_09,"👗 Desi Style | Modern Look  
✨ Premium Kurtis Collection  
💰 Affordable Price  
🚚 COD Available  
📩 Order Now in DM  
❤️ Happy Customers",1,5,False
,fashion_genz_05,,0,0,False
62090145959,fashionagentdana,Fashion Enthusiast,43057,1786,True
6848358020,fashionalliancenetwork,"Fashion Alliance Network Inc. 501c3 non-profit dedicated to supporting emerging 
designers and advancing sustainable fashion.",2239,116,False
51714194380,fashionbycheapherbiesdaughter,"Stylish mom fashion as I imagine my cheap father, Herb, would rank it on cost. Think bougie on a budget.",73,665,False
37729573767,fashioncity6633,"Helping you style effortless everyday outfits . Sharing outfits inspo, fashion, capsule wardrobe ideas, trends, street style looks✨",7,8,False
51815298793,fashionclubpk.official,"𝐅𝐚𝐬𝐡𝐢𝐨𝐧 𝐂𝐥𝐮𝐛 𝐏𝐚𝐤𝐢𝐬𝐭𝐚𝐧 
👕👗 Men | Women
Stylish, affordable & premium quality
📦 Fast delivery
🛍️ Shop Now 𝟎𝟑𝟎𝟕𝟎𝟗𝟒𝟓𝟓𝟎𝟎",6821,679,False
74660821205,fashionpoint_jbeil,"the one and only fashion point in jbeil
Byblos voie 13, urban 365 center.",416,86,False
78273669893,fellow_traveler_sona,"Fashion/ Beauty/ lifestyle 
# vlogger
# fashion enthusiast
#pilates girl",2073,189,True
78190327828,fitronixx25,Your online curated source for the best in Health & Wellness; Athleticwear; Home Fitness & Yoga; E-Bikes; Wearable Electronics and more,78,125,False
78272152119,fletcher.pk,"Premium sports wear | Elite comfort
Where style meets strength
Designed for Athletes⛹️
With fully customized services
Worldwide shipping📦",16,13,False
59437066328,flot_luksus_2ndhand,"Salg af luksus 2ndhand 
Åbningstider:
Tirs-tors  12.00-17.30
Fre 12.00-18.00
Lør 11.00-15.00
Tager varer i kommission",5556,4984,True
44980030286,folkfusionista,#mom #artist #organizer colorful and keeping it real. She/Her.,232,619,False
22909670229,foot_trendz_oakville_place,"Open Mon-Fri 10am-9pm
Open Saturday 9:30am-6pm 
Open Sunday 11am-5pm",115,99,False
51764309423,forumdistributors,"The one stop shop for every man’s wardrobe.
Please click the link below for the store’s location 📍",505,49,False
654637054,fran__puerta,"• 📍#Madrid 🇪🇸🏳️‍🌈 
• Currently on @netflixes 
• 📩 franpuerta@bigcreators.es @bigcreators_ 
• Stylist | Lifestyle | Fashion | Makeup •",67679,1094,True
3420483960,frankieanne_style,"🖤 Ladies apparel and accessories brand founded on trends, style and comfort. 🖤
SHOP NOW
Showroom: 2 Salsibury Road,  Mill Park
8am - 4pm",7428,1850,False
66096567078,friendmade.in,"Elevate your style, celebrate your uniqueness.
Discover timeless elegance with every piece.",4839,49,True
45158058312,friends_western_club,"Trendy Clothes / Retail Shop 🛍️
📍Shop No : 10 Kameshwar Park Chanakya School Nikol Ahmedabad
📦All Over India 
📞 WhatsApp Order Available : 9737488928",1923,1091,False
51708744680,ft_babita_,🦋,1246,60,False
55893323954,gama_enterprises,"🎒 Custom Bags | Logo Printed  
🎁 Gifting • Branding • Bulk Orders  
📦 PAN India Delivery | COD Available  
📲 Order on WhatsApp 👇  
7021421702",17,84,False
77854060241,girlswearitwell,"📍🇬🇧girl in ATL, GA 🇺🇸 
✨Outfit Inspiration & Virtual Styling
💫High Street & Luxury Fashion
🔗 Outfits and links available in my ShopMy⬇️",11770,54,False
77813787667,glam_aura_magazine,"Magazine Online / Il punto d'incontro tra creatività, cultura e lifestyle",80,235,False
78917043925,glamour.by.e,"📍Accessories and more.
📍Gold plated 18k 👑 , stainless steel 💍
📍Contact us by dm or whatsapp 71 065 015
📍Delivery all over Lebanon 🇱🇧",4891,130,False
35856290691,gls_2017,"Women Ethnic Wear Brand in Ghaziabad
Shipping Worldwide 🌏
🛒 Order Online: www.glslifestyle.com⁠�
📞 Order on Call/WhatsApp: +91 8796036750",11234,286,False
7962350467,graceanne.boutique,"📍Central Station Flea market Hot Springs, AR
Follow our TikTok @graceanne.boutique",364,332,False
51036540382,gwerudrip_toxic_grammy_awards,𝗟𝗘𝗧 𝗜𝗧 𝗗𝗥𝗜𝗣 𝗙𝗔𝗠,34009,12011,False
69554600517,hager_sstore,"Egyptian Brands
• OWNER: @hager._.elshamy 
• No exchange, No refund 📌
• Shipping all over Egypt📌",18080,772,False
41957360993,halleyhayes_29,"I create viral AI content 
Faces • Videos • Brand visuals
Let’s build your brand  DM me",7,10,False
72853200310,hammerandnails_studiocity,"Luxury Grooming Lounge for Guys 🛠️🥃
Premium cut, razor shave, beard grooming, manicure, pedicure, and facial.
This is the Hammer & Nails experience.",1164,34,False
80316688648,handmade_shriji,Rajasthani gemstones crafted with love,10,41,False
62195534566,hannahansah_,"I AM HANNAH ANSAH
MY SKIN TONE IS MY GOLD 👸🏿
#runwaymodel 
#fashionmodel 
#influencer 
#ghanamodel",112,10,False
74991702017,harsiddhi_saree_center_rozad,"harsiddhi saree centre 
add :rozad  
all india delivery available 
 whatsapp & instagram message only 
mo 9327866327",206,72,False
76727981889,hastaakshara,"Hastaakshara - wear your story
 Crafted by hands, not machines
Ethical • sustainable • slow
100% washproof • 100% customizable
DM FOR ORDER",25,12,False
6800418173,hasumuinc,,34423,174,False
50782925754,he_is_mr_ghoshdastidar,"🇮🇳🔄🇧🇬
✨Fashion & Food
🧑‍🍳Cook At @monkeys.restaurant
🙋Turn up the speakers on 26 Sep🎂
💫You can’t become the best without first",741,146,False
400236771,heloisaguerra_,"notas sobre a vida,
— como eu a vejo e sinto.
@daily.comhelo    |   @kingcelgv",4631,215,False
61201530582,her_fashion_studio_,"• your style, my creation..🤍👗
   • sirsa📍
• dm for order..💌",49,1,False
6898955687,homii_store,"🛋 Έπιπλα & διακόσμηση 
🚛 📦Αποστολή σε όλη την Ελλάδα 
📩info@homii.gr
📞2610-313800 / 2610-313802
#homii_decorateyourhomenest",32174,1022,False
76695715600,house.of.niraa,"@archana.r1110 💫
Designer Studio🌸
✨ Curated Women & Kids Wear
🪡 Designed & Stitched with Love
📍 Pondicherry | Shipping Across India
💌 DM to Order",1317,131,False
22009791426,houseoffasshion,"Unstitched & custom-stitched ✨ Big events & daily wear 💃 COD PAK & Dubai | Worldwide delivery 🌍 UK, USA, Canada, Australia & India",23429,12386,False
80846520556,houseofthrift_hod,"curated thrift. no repeats.
streetwear | vintage | y2k
handpicked pieces for everyday wear
timeless > trends
📦 pan india shipping
💬 dm to claim",7,37,False
70335111462,houseofzurri,"For every body, every story ✦
Indo-western • Occasionwear • Elevated essentials
Boutique | Online orders | Pan-India shipping
Explore the collection ↓",213,29,False
5429153701,hpam_shoes,"Outlet - Rajouri Garden market
J-100 main market Rajouri Garden Delhi
WhatsApp on 9958088979
Location link-",63245,4988,False
76404993456,http._jubayer_,"𝗦𝗶𝗹𝗲𝗻𝗰𝗲 𝗶𝘀 𝗮 𝗳𝗹𝗲𝘅‼️
                        
main @jubayer_hossainn_",142,8,False
7213058585,iam_harshkaushik,"Naturally distant person!
Nationalist | Sanatani | ब्राह्मण | Sapiosexual |#kvians 
Snap👻: harshkaushik_09",570,122,False
64706990253,iambessie32,"Your fav gurl..
hopefully 🥹🥹
TT page @iambessie_",94,2,False
78982342037,iceking.ng,"RC No 9262043
📍Abuja , Lagos 
I help you look classic 
Scroll down for unique clothes.",1026,76,True
42677610186,ikaemilia_sofi,"🪬•Bracelets•Anklet•Necklace•Earing
💎Jewelery & Accesories
🛒Wholesale & Retails",1134,6,False
43061554647,immahmedhamdy,"•🇴🇲🇪🇬
•||𝐁𝐞 𝐲𝐨𝐮 𝐚𝐧𝐝 𝐧𝐨𝐭 𝐛𝐞 𝐚 𝐜𝐨𝐩
•||Awild person, with calm mind Can win everything",5878,58,False
80475602148,inffa.official,"INFFA – Indian Fashion & Film Awards
From the makers of @__imoda__ @dreamzz_makers 
A celebration of Fashion, Film & Excellence 
DM for Registration",440,255,False
7774139885,innotransventive,"We are a leading provider of digital Learning solutions.
We offer :
•Gamification
•Simulations
•Custom eLearning
•Microlearning
•ILT and VILT & more.",685,809,False
52765111320,insta_parani_750,"♡ ᪲᪲᪲AMAR BAGE♡ ᪲᪲᪲
────୨🩷ৎ────
Welcome to my world
────୨🩷ৎ────
किसी की हंसने की वजह बनो🫂
 रुला तो हार कोई देता है
See translation",1358,28,False
54257315108,irvanarrafi30,"tidak ada yg istimewa disini.
bussines: @202qualitystuff.id",2258,4,False
80454990278,isha_attire01,"✨ ᴡʜᴇʀᴇ ᴛʀᴀᴅɪᴛɪᴏɴ ᴍᴇᴇᴛꜱ ᴛʀᴇɴᴅ 
👗 ᴇᴛʜɴɪᴄ • ꜰᴜꜱɪᴏɴ • ꜰᴇꜱᴛɪᴠᴇ ᴡᴇᴀʀ 
📦 ᴘᴀɴ-ɪɴᴅɪᴀ ᴅᴇʟɪᴠᴇʀʏ 
💌 ᴅᴍ ᴛᴏ ᴏʀᴅᴇʀ",58,40,False
6096624503,jade.dekneef,"Living life in color 🌈
Boss lady of @knits.jewels.by.jade 💗
✈️: Amsterdam 🇳🇱
Tiktok creator: jadedekneef 🎥
💌: workwithjadedekneef@gmail.com",2557,952,False
47581664331,jamairaja.official,"Finest Indian-wear for Men #JamaiRaja Your wedding-wear Partner ✨
Ethnic | Indo-Western | Sherwani | Kurta | Suits
Patna | Buxar | Arrah | Muzaffarpur",3945,442,False
45453696694,jbessie_shop,"Women's Fashion, tops, bottoms, rompers, jumpsuit, lingerie, shoes, accessories.",3533,2297,False
66899126589,jellymarthk,"𝖤𝖿𝖿𝗈𝗋𝗍𝗅𝖾𝗌𝗌. 𝖥𝖾𝗆𝗂𝗇𝗂𝗇𝖾. 𝖬𝗂𝗇𝗂𝗆𝖺𝗅𝗂𝗌𝗍.
.
📋 持有效商業登記 | 信心保證 
📦 滿 $600 免運
🗓️ 每週新貨
💌 下單/查詢: 𝖣𝖬 / 𝖶𝗁𝖺𝗍𝗌𝖠𝗉𝗉",334,164,False
69314269171,johjolondon,"A luxury lifestyle brand with a global vision, offering timeless designs infused with modern innovation.",300,117,False
28573602711,jp.fashions.hk,"💮 日 牌 高 質✨ 一 試 難 忘‼️
📦 每 日 盲 盒 🎁 天 天 新 款🌾 海 量 到 貨
⚡️ 限 量⚠️ 訂 完 就 無💫 捉 緊 那 一 瞬 間
🌈 𝒀𝒐𝒖 𝒐𝒏𝒍𝒚 𝒍𝒊𝒗𝒆 𝒐𝒏𝒄𝒆, 𝒎𝒂𝒌𝒆 𝒚𝒐𝒖𝒓 𝒍𝒊𝒇𝒆 𝒃𝒆𝒕𝒕𝒆𝒓
💲 𝖥𝖯𝖲’ 𝖠𝗅𝗂𝗉𝖺𝗒’ 𝖯𝖺𝗒𝗆𝖾💞2件包郵",5160,1295,False
45485078186,js_trends_international,"Handpicked Exclusive Collection🛍️ 
no cod/ no return/no refund 
only damage item return 
Online Order Only...
World wide Delivery 🚚
📍Bangalore",1,19,False
41448809640,jtloveboutique,"Premium Handmade Luxury | Roselle, IL
✨ Artisan Crochet Designs
🌿 Sustainable & Exclusive
Shop our latest collection below! ↓",1,5,False
1211222093,ju.st.style,"Fashion • Beauty • Daily Looks
🇨🇭BERN Switzerland 📍
 📧 justyle1182@gmail.com 
travel love 🌏",43122,4005,True
68656313511,justinn_rakesh,"🇮🇳🇳🇵🚩
धर्मों रक्षती रक्षितः 🚩
गावो विश्वास मातरह:🐄
कट्टर हिंदू 🚩
Love💕 Is Name
ẞex🫦 Is Game
Use💯 The Name
Play🎯 The Game",1007,99,False
73338785341,karlamalaquias17,"Fashion Cool & Comfy⚡
Aqui vc encontra T-SHIRTS de excelente qualidade do P ao GG
100% algodão,Premium e estonadas e muito mais
Compras no link abaixo",1064,421,False
4144296055,kashish.pakistan,Live Eastern!,14402,1887,False
12418545742,kattnisha,"@m_x3nc3 bonjour my bestie
2nd hand/antique consumer addict",1043,23,False
50058249308,kelseyy_dye,"beauty • editorial • travel  
luxury storytelling 📸  
💍 | mom²  
📍 Arkansas ✈️ everywhere  
📩 kelsey.dye.connect@gmail.com",3314,43,False
58908142954,khubsurat.re,"𝐒𝐩𝐞́𝐜𝐢𝐚𝐥𝐢𝐬𝐭𝐞 𝐝𝐞 𝐥𝐚 𝐦𝐨𝐝𝐞 𝐈𝐧𝐝𝐢𝐞𝐧𝐧𝐞 
ᴠᴇ̂ᴛᴇᴍᴇɴᴛs ᴇᴛ ᴀᴄᴄᴇssᴏɪʀᴇs
📍 177 rue Maréchal Leclerc Saint-Denis",5166,441,False
75583386418,kintadesign_,"The only constant thing is change 🌿
Tees inspired by nature, designed for life in constant change 🐾",172,24,False
10672775773,krishnakrbania,"🎥 Visual storyteller | Real life in reels
🌍 Sharing everyday beauty through my lens
📩 DM for collabs & features",455,779,False
65460037125,kristiannnnnzy,,2316,9,False
63893878714,kyy.outfit,"▪️Welcome to kyy.outfit
▪️Rekomendasi & inspirasi outfit of the day
▪️DM for PP & endorsement 🤝
▪️Link pembelian produk ⬇️",306893,495,False
50760559325,labelpadmika,"Kurtis & suits for real women🪷
Designed by a mom of 2
₹799–₹1999 | Jaipur🇮🇳
Comfort. Fit. Confidence.
Coming soon⏳",2,3,False
49135018719,labelsnigdhakapoor,"Bespoke Bridal wear | Indo western | Menswear | Stitched sarees & gowns | Hand crafted Jewellery  
🛒 Shop Online
🌍 Shipping worldwide
📍Delhi, India",4219,826,False
72121496235,laonda.pr,"DM PARA COMPRAR
Exclusive Drops • Limited Editions
Shipping to PR & USA
Urban wear desde la isla
Brand Owner: @jow_pr.1",1049,34,False
1976089453,lauriane_hk,"💇‍♀️ Coiffeuse visagiste since 2003
👩‍👧‍👦 Maman de 4 | mamange 🤍
🌿 Cheveux, bien-être, no gluten
✨ Intuition, gratitude
🤍 Vraie vie",666,899,False
80789152145,lavender.elegance.by.rs,"Elevate Your Everyday Style 💜
Handpicked Ladies Wear & Essentials
Free Delivery All Over Kerala 🚚
Orders: DM Us 📩
WhatsApp: +91 9400271475",31,28,False
61515164730,leenonroad,"Chasing horizons, collecting stories. 🌍",218,18,False
18846239365,lemonpie.boutique,"Transform Your Look with Our Ethnic Collection 🌟 
From Casual to Couture ✨ 
DM for Orders 🌍 Delivered Worldwide 🛍️",92687,2618,False
41763649842,leonathantflsacw,"163 | 54
Model | Talent | Photoshoot
MA : @portal.management 
CP : +62 812-3340-7992 (Admin)",1410,13,False
78063283043,life_withpiyu,"𝐔𝐩 𝐢𝐧 𝐭𝐡𝐞 𝐜𝐥𝐨𝐮𝐝𝐬, 𝐅𝐚𝐫 𝐟𝐫𝐨𝐦 𝐭𝐡𝐞 𝐜𝐫𝐨𝐰𝐝𝐬.
Fashion | Beauty | Lifestyle
📍 #jaipur #delhi 🇮🇳
Owner Of :- @naari__bypiyushi",369,102,False
61484248162,lifestyled.tvf,"Unique Gifts
Tues-Sat  10am-5pm
💌 www.thevillageforager.com",595,438,False
71183377513,lloft_surplus,"L’Loft Thrippunithura’s Surplus Store | Kochi & Ernakulam | Branded Clothing for Men, Women & Kids  
DM/WhatsApp to Order Across India 🚚",4933,134,False
2093869701,llvvh,"🦦
Liridona.llvvh@gmail.com 💌",962,24,False
4437739264,losguapos_espinho,"🚚  ENVIOS PORTUGAL & ESTRANGEIRO 
👗 Vestuário Feminino - Desde 1997
📍  Rua 23 em Espinho.
⏰ Seg. A Sáb. 09:30-13:00 & 14:30-19:00h
📞 227320294",750,1143,False
66306253013,luckeladybug,,132,4962,False
43635807252,luisagonzales2006,,0,8,False
55123225514,lums.st,"Fashion Stylist & Creative Producer
Social Media Manager & Content Photographer
📍 Based in Madrid
@lucilascheller",204,123,False
78380878739,luvictorino_14,"✨Inside my Fashion Journal ☕️
Curating outfits, art, and a touch of caffeine.
#OutfitInspiration #Outfitideas 
Outfits & Shopping Guide:",5,6,False
46471000758,luxef_orm,,4,11,False
175801706,maddyrmaguire,"hi, i'm maddy and i'm a shopping addict
fashion obsessed • gf foodie • handbag lover
💌 UGC/pr maaddyyy@hotmail.co.uk",15286,1024,False
77588926644,madhu__dairy,"✨ Silent feelings, loud heart
🌙 Introvert soul
💭 Living in my own world
📩 DM for collabs",5,34,False
57086443332,mahekstyling,,93,57,False
47774870718,malek__shahil2007,"👑 Indian Muslim 👑
🔘 Believe in Allah ☪️
I 💗 Islam 😍
I ♥️Mom Dad👈
Wish me on 6 may🎂
💕 Alhamdulillah for everything",1322,47,False
68778895769,malikaa_official_,"Reselling with Love'
Western wear • Traditional wear • Party wear 
Feel free to dm or Whatsapp us!
📍 Karachi, Pakistan",2646,838,False
55685961022,manishagangurde98,"Just a girl Doucmenting life...
Office life ,Reatable reels 👩‍🔧♥️",266,156,False
40905303553,marathmoli.ngp,"📍Nagpur
Trendy outfits at best prices ✨
Visit us🥰
Contact : 9518970874",22,5,False
398915831,margot_studio,"Artistic jewellery in the very centre of Poznan.
POZNAŃ, ul. Paderewskiego 7/pasaż 
Also online sales
Pon.  nieczynne
Wt-Pt. 11-17
Sob.     11-14",579,792,False
371621427,markogoreta,"✰ 𝙻𝚒𝚏𝚎'𝚜 𝚊 𝚖𝚘𝚟𝚒𝚎, 𝚕𝚎𝚝 𝚝𝚑𝚎 𝚌𝚊𝚖𝚎𝚛𝚊 𝚛𝚘𝚕𝚕
      📍Split, Omis 🇭🇷",2391,824,True
75682018136,martiano_nic,"⚫FASHIONSTA
without God I'm nothing 🙏",29,9,False
52271466308,masseriamostudio,"Design•Project Management 
Rooted in 🇧🇪 🇩🇪                                                               Based in Italy • Working worldwide",111,45,False
25998937041,mau_luv_,"🧿
Accept the situation✨
Or kaho…chalo ye bhi thik h
Mahadev🔱Mahadev",1239,335,False
40938323795,maurices.brightonmi,Fashion inspo from the Brighton Mi maurices #styles #ootdinspo #midsizefashion #plussizestyle,993,610,False
50689298,maxfashionmena,"‎تابعونا لمعرفة آخر صيحات الموضة✨
‎شارك معنا اطلالتك👈mymaxstyle#
Everyday fashion at prices you’ll love. 
Shop in-store and online✨",2817449,9661,True
6259185977,mazhar_521,"Adventure Diaries 🚴‍♂️
Exploring roads, rain & freedom
LKO 📍",438,28,False
72683610882,meauradesignstudio,"Crafting Confidence💙
MEAURA stands for ""My Aura"" is a statement of refined individuality and the energy that radiates from within.",57,146,False
2167210636,meekaljavedsheikh,"LAHORE | GUJRANWALA
Lahore studio only by Appointment 📞03354860333",10418,2939,False
70494106950,meemas.pk,Meema’s Moisturiser,2045,15,False
31331692781,meghana_gunji,"DM for collabrations and Paid Promotion 
Vizag📍
let us grow together ❤️
mail: meghanagunji@gmail.com 
Always welcome for new followers🤗 ❤️",601,135,False
39399539466,meher_closet_,"✨ Meher Closet Khandwa💖
👗 Kurtis|Kurti Sets|Co-ords
🌸 Elegant Everyday Wear
📍sindhi colony gali no.2 near gym
📩DM to order
📲8962245945
❌️ No cod",19,2,False
6206390677,melriv_,"Thrifted fashion • Comfy outfits • DIYs
Beauty & Lifestyle Creator
📍CT ✉️ meliscloset1@gmail.com",3040,1870,False
39220078500,mensstylehub18,"Upgrade your style daily 🔥  
Affordable + Premium Men's Fashion  
🛒 Shop best outfits below 👇  
💸 Amazon Finds | Outfit Ideas  
📩 DM for collab",2,2,False
38469823249,mishti_fashionn,"We Are Retailer of Ladies Garments Product Like-Under-Garments, Tops, Kurtis, Palazzo, Suit-Salwar, T-Shirts, Shorts, Cord-Set, One piece etc",4,1,False
39487286119,modmeric,👮🏻‍♀️Mens Fashion               🌏Global shipping Available 🆗 Exceptional Quality products 👇shop Now,0,1,False
44342666124,morvienterprises,"Premium Unstitched Ladies Suits ✨
Cotton | Lawn | Festive Collection
Affordable Price + Best Quality
📦 Pan India Delivery
📩 DM to Order",9,4,False
76995611957,mr.perfect_2498,"⚜️CLOTHING 
⚜️ACCESSORIES 
⚜️DRY-FIT
⚜️FOOTWEAR 
⚜️WATHES
⚜️CONTACT-9503435336",264,143,False
39726661871,mr__jabuu__,,1011,18,False
47723004036,mr__jethalal123,ʕ•̫͡•ʔ࿐✫( ͡° ͜ʖ ͡°,10552,91,False
25699212646,mrrk.211,"#Don't chase people, attract them**
😉𝐔 𝐰𝐢𝐥𝐥 𝐟𝐢𝐧𝐝 𝐚 𝐛𝐨𝐲 𝐛𝐞𝐭𝐭𝐞𝐫 𝐭𝐡𝐚𝐧 𝐦𝐞 𝐛𝐮𝐭 𝐔 nvr find someone like me.!!",147,186,False
55758920311,mrs.vickypinu,"📍 banapur🎀💕
कुदरत के सब बंदे..... 🕉️🦚🧿✨
जगन्नाथ स्वामी 🙏❤️
मेरा लाडला क्रिशू 🤱🫀💕🎀",2185,297,False
35657641219,mrvishu_4,📿,1652,4,False
39168877608,mycreativity_mk,"ਸਚ ਖੰਡਿ ਵਸੈ ਨਿਰੰਕਾਰੁ॥
|Styling Inspo|
Fashion/Lifestyle/Beauty/Travel
#exploringsouth🇮🇳
DM4 PROMOTION/SHOOT📸
ContentCreator @omscollectionshyd
📍Hyd💞",51631,494,False
60287210186,myfairmahjong,"🩵Joy-Seeking
🩷Smile-Spreading
💛Mahjong-Mesmerized  
➡️Here to share Mahjong, Laughter, Community and Design... with a little REAL LIFE in the mix!!",30848,1050,True
6443756879,myimproved_lithuania,"STREETWEAR | OVERSIZE
Limited drops • Handcrafted details
Hoodies • T-shirts • Knit Bags
📩 Užsakymai - DM
🇱🇹 Made with attitude
📦Europe shipping",1043,46,False
44228192328,mylo.swim,"Designed for curves & confidence by women for women. Embrace your beauty.
Shop luxury sustainable swimwear👇🏽",11901,2748,False
5907855954,myradioclash,Chief Brand Strategist 📷 Psychogeographer 😎 Cultural Anthropologist 🥸Milano  🍸also on @mycompletecontrol,633,3015,False
47346653544,myrakapoor.official,"✨ Virtual AI Model | India 🇮🇳
🌸 Fashion • Beauty • Lifestyle
💼 Brand Collabs 👇
📧 officialmyrakapoor@gmail.com",504,18,False
75672506477,naazera_offcial,"Classy & Minimal
Naazéra | Dress with Dignity 
Luxury fashion for modern women 🌸
DM to order 📩",36,565,False
3869505346,nadiakovacks_zargafashion,,663,646,False
62837653829,nasibliyiiisalmi,"📍Baku🇦🇿🇹🇷
🧿ALLAH
Owner: @salmixatelier 
Fashion&Lifestyle✨  
English lessons📚    
DM for collab💌",636,104,False
75315755861,navanya.studio_,"Sustainable Elegance for Every Season✨
Ethnic + Modern Fusion | Made in India🇮🇳 
Launching Soon. Stay Tuned!👇",16,23,False
37457201261,navyadasarisrikanth,🧑‍🏫 teacher,194,829,False
43848494882,nawab__saab_313,"زندگی کا کچھ پتہ نہیں اگر کبھی مجھے کچھ ہو جائے ""
"" تو اللہ کے واسطے مجھے میری ہر حرکت کے لیے معاف کر دینا",832,78,False
67462314886,nearthelakeboutique,"Near the Lake Boutique🌿
📍Health Sciences North, Sudbury
Fashion • Gifts • Flowers • +
Operated by HSN Volunteer Association
💙Supporting Healthcare",243,273,False
406876307,neeharika_kariappa,Fashion designer🧵Never.Stop.Exploring🌟,375,274,False
80012306007,nicepersonsmag,"Good people exist, and their stories deserve a global stage. That’s why NicePersons.com was created to elevate their stories and inspire millions.",9921,221,True
80479226314,nishatonlinepk,"𝐍𝐢𝐬𝐡𝐚𝐭 𝐒𝐭𝐨𝐫𝐞 𝐎𝐧𝐥𝐢𝐧𝐞 🏡
🔥Premium bedding & home essentials
📌 Elegant designs • Long-lasting quality
𝐖𝐡𝐚𝐭𝐬𝐀𝐩𝐩 03264243399",177,96,False
47690535172,niti.ka_7114,"🦚 Radhe Radhe 
🕊️ Creating my own sunshine
👠 Fashion | Lifestyle
🎬 POV:Living my best life
📩 collabs: DM
🧿 Keeping it real
@miss_varshu_52 my girll 🫶🏻",1721,217,False
52244707078,nitishgahlawat1,"🔱 बोल शंकर भगवान की जय 🕉️  
Snapchat :- nitishjaatx
💪 Fitness | Lifestyle | Reels",1272,64,False
,noura.boutique.1,,0,0,False
6014156540,nyxbabeeeee,"⋆⁺₊ NYX YOUNG ⋆⁺₊⋆
🫟 nyxbabeeeee@gmail.com",25280,461,False
79985173193,ogunclimatechangehub,"Official Handle of the Ogun State Climate Change Hub of @Moeogunstate
#Slogan Green Ogun - Caring for the Earth, Shaping our Future",34,28,False
75234204657,omegathrift.1,"Omega Thrift 🌌
♻️ Curated vintage & designer finds
💰 Affordable & stylish fashion
📦 DM to shop | New arrivals soon!
📍KASHMIR | Shipping 🇮🇳",263,95,False
1287310403,one24boutique,"Your Fave Online Boutique 💖✨
📍 Based in MO | Ships Free With A $25 Minimum 
🎬 Live Weekdays @ 12 & 4 CST
🔥 Hot Drops. Fast Ships. Major Vibes",10935,8030,False
33060691774,online_jewel,"💫 “Your daily dose of sparkle — jewelry, heels & beauty picks for modern queens 👑💎”
🛍️ Shop now ↓
DM for orders.✨",1074,5107,False
43359705423,online_shop.app,"Trendy Fashion
 Best Price 
 DM for Order
https://affiliate.meesho.com/collection/MjM1NDUxNzo6Ojo6Om5vcm1hbA==",115,6,False
20206439666,only_thriftting_shop,"❗ SEBELUM ORDER CEK TESTI 
Spam Like berhadiah Thrift tiap hari
===
🌎BARANG IMFOR
📦 OPEN RESELLER 
💯 SOLD DELETE
===",7068,233,False
39954437315,onlygirlsdeal_,"🛍️ Affordable Luxury at Best Prices
🔥 New Drops Everyday
🚚 Cash on Delivery Available
💌 DM to Order / Queries",14,5,False
46101513519,oxidisedjewels_store,"Your daily dose of oxidised glam 🖤
Jhumkas • Neckpieces • Rings
Delivery Available 💸
DM for orders 📩",34,2,False
52099557421,oxryzenn,you don't need to license to ride me,380,6,False
307867507,paisleylovin,,424,3489,False
49774984345,paridhan53,"Prepaid Orders Only
Sunday Closed
No Return No Exchange No COD 
🌍Shipping world-wide
📱9999474179",9798,1653,True
34497800323,pariii_2304,"Chasing dreams ✨️
Just taurus things ♉️
Owner of : @kalastha_2304 🧶",849,68,False
75093739572,parwana.shop,"🛍️ Tienda
Dama • Caballero • Niños
Calzado, Carteras, Juguetes y más
📍 Cc. Maneiro - Puerto La Cruz
📦 Envíos Nacionales
@parwanaesthetics",2792,75,False
4170948596,petrihop,"Discipline
Karate & lifestyle
Weekly moments.",63,2,False
6839515512,pirjoterhi,Finland🇫🇮 Cooking🥘🍷Baking🧁Dachshunds🐾Four seasons☀️🍁☃️🌿All photos are mine. 📱iphone,7592,1610,False
45635195551,piyu_ramgude_kadam,"MH09 कोल्हापूरकर👑
 🙏स्वामी भक्त 🌺 श्री स्वामी समर्थ 🙏",0,0,False
42600674546,pj_styleguide,Here to Inspire your wardrobe.,19,25,False
2905515850,platosclosetoshawa,"Shop up to 70% off retail prices
Get cash for your gently used clothes
MON-SAT 10AM-9PM
 SUN 11AM-6PM
TIKTOK: platoscloset_oshawa",7383,9970,False
1905329001,pleaseandmahalo,📍San Francisco | CA 🌁| Slow & conscious fashion ☀️ | 👗 Shop @pleaseandmahalocloset| Collabs 💌 pleaseandmahalo@gmail.com #cocokindambassador,4010,542,False
560788215,pomarosaboutique,"Paga con PSE 
📍Ahora en 🇺🇸
VENTAS DETAL Y X MAYOR
Tienda Física
C.c. San andresito del sur
Local P-110 / 1-64
316 777 4414⬇️
315 815 1494",100254,2348,False
5690545386,poundy3130,Dentist/Menswear Enthusiast,149,455,False
60158971713,preethi.7580,"Move on with the destination🌍
🫶 Krishna",378,30,False
11647081948,premium_thrifts,"👕Thrifted Vintage 
💎Modern Premiums 
📍PH based | CDOC, 9k
#premthriftsavail",1579,1740,False
41135213422,princess_deepika_bhatia,⚠️ *Disclaimer:* This image is *completely generated using AI* and does not depict any real person. Any resemblance to actual individuals or situation,2,18,False
80501124690,princesse_rim6,"Rim/ريم🌸
🗓️21.09.2020🐥
👗Model*Fashion*Joy
📥Managed by Mom
@anaroz_photos 
@hanzaz.2102",23244,30,False
36990660576,priscillas.designs,"Founder : @judith_4222 
👗Designing the fit @priscillas.designs 
💎Adding the sparkle @littlelightshampers
🧵 Grace in every stitch🪡 Custom-made designs",40,5,False
48670889959,priyanshu.x13,"13sep🎂
🚩😫महादेव📿
🎬 Reels
🎶 Music lover
🔥 Daily grind
📍 India
 😤Anger issue😮‍💨
मेरा गुस्सा मुझे खाता नहीं बल्कि और निखारता है 😤",3833,190,False
40423252163,priyanshusinghyadav1234,"All-rounder 
Student 📖
#rlbian #lucknow
I can't tolerate negligence😊",408,158,False
45941503704,punethriftstoreworn,"WORN ♻️
Streetwear Thrift ⚡
70+ Happy Drops Sold
Style | Trends |
DM or WhatsApp to grab yours 📲",34,43,False
67100199508,purringliongifts,"Fun Tees, Merry Magnets, Mugs, Sweatshirts and More",91,465,False
1307402308,radhikapathak_aarpee,"ॐ JAI GURU JI ੴ
Fashion • Beauty • Lifestyle • Travel 
Mumbai 🇮🇳
Collabs 🤝
DM for inquiries ✨",2552,510,False
1486517617,raghavendra.rathore,"Bespoke Men’s Brand, Reviving Classic & Heritage Clothing
Enquiries: 1-800-102-0419  | info@rathore.com | www.rathore.com",147035,1143,True
44131031452,randelladuh,"Lone Wolf 🐺 | Based 📍Nashville
Personal Stylist & Content Creator
Fashion| Beauty| Lifestyle|",12435,272,True
59835424836,rangpahervesh_official,"Follow this page for our latest collection
🌎International Orders Accepted.
💯TRUSTED BY HAPPY CUSTOMERS.
Exchage available T&C.",8029,3940,False
70863864365,ravya_the_wonder,"myself ravya M belongs to #lgbtcommunity🏳️‍🌈
I am a femboy
I am located in (J&k) 📍
Wısh me on ²Jåñ",372,44,False
28432825401,re.vougues,@firstyearkc,220,16,False
80739848078,realsahilpal,"Building my best version 💪  
Gym | Discipline | lifestyle",47,14,False
47214336894,rebecathelabel,USA 🇺🇸 BASED BRAND 📍DALLAS TEXAS WE SHIP WORLDWIDE 🌍 @rebecathelabel_swim @rebecathelabel_men,28173,5859,False
49330963002,renox_ayan,@sana_sheikh0589 best sis in the world 🌍❤️,8429,23,False
77742446892,reshm_adhanwani,"🔥 Just me, my mood, and a camera that loves me back.
💋 A mix of confidence, style, and self-love.
🌍 Living life through my favorite angles.",30,93,False
76590957134,revuist1,"Licensed Lawyer ⚖️
Bridal & Personal Stylist 💍
Beauty + lifestyle hauls 💖✨
Women supporting women 🤍
PRs open for women-owned brands💌",10986,126,False
42404589224,rewear___closet,"* Affordable thrift clothes ♻️
* DM to order
* No cod,exchange, return 
* Shipping all across India",25,4,False
51824022176,riaafashionjewellery_llc,"🎇High Quality Indian Jewelry and Blouses!!
✈Shipping all over in the USA & Canada.
📌Omaha, NE.NO RETURNS/ EXCHANGE!
Freeship on 75$ or more!",6072,4364,False
55646067484,rohit_thakur_up_ka,"👉 ROHIT THAKUR UP KA 👑 
👉 अर्कवंशी ठाकुर🚩🚩 
👉HAR CAST SE BHAICHARA ON TOP 
👉 KATTAR HINDU 🚩 JAY SHRI RAM 🙏
👉 JAY MAA BHAWANI🚩JAY ARKVANSH",11157,2080,False
64426902359,rokoyo_asd,"rokoyo ♥ prints
Made to feel right.
Unique designs that click 🌟
Shop → RokoyoPrints.etsy.com | Explore below! 👇",59,230,False
75515390445,romanpopapparels,"Dress Bold | Own the Moment
All About MEN – Styles & Fits, Covered.",434,18,False
72655619262,roojal.in,"✨ROOJAL.IN ✨
Curating Elegance for You.
👗 Trendy & Quality Women’s Wear
📍 Shipping Pan India 🇮🇳
💳 ONLY PREPAID ORDER ACCEPTED 
🛍️ DM to Order",12,124,False
8346844153,ruqia.feroz,"📍🇹🇷
✨Let the players play, let the haters hate, and let Karma handle their fate. ✨
🇵🇰•🇮🇶•🇺🇸•🇮🇶•🇧🇬•🇮🇹•🇸🇦•🇦🇪•🇦🇹•🇹🇷•🇧🇭......?",246,64,False
2207389414,s333ydahairandbeard,"💈Traditional barbers 💈
🔴 Shaving 
🔴 Wet & Dry Cuts
🔴 Fades 
🔵 23 Clerkenwell Road, London, EC1M 5RD
🔵 Online Booking",573,317,False
51518552845,s_s_photography_weddings_,Wedding Cinimotographer.   View finder ;  Sony a7r5 Nikon z6mark ii.   Dji air 03 drone  # founder of . S S photography.      Commercial and wedddings,4312,145,False
42254477545,saakshi.ig,"22 🦋
I Reply Here 👇",1122,9,True
80068819524,saavi_bhabhi,35 Indian,605,17,False
6197981476,sacrecoeur_collection,"✨ La chemise faite pour vous
Des pièces bien coupées, facile à porter, faites pour durer
1 Rue Montcharmont, 69002 Lyon",11399,806,False
50218219615,sanatani_boy425,"🕉️ जय श्री राम 🧡
🚩 गर्वित हिंदू 🚩
📿 भगवान राम का भक्त
💓 सादा जीवन, उच्च विचार
🙏 सभी का सम्मान करें, किसी से न डरें",2793,98,False
12974613920,sanjana___mutturaj,"ಕನ್ನಡ ಕಂಟೆಂಟ್ ಕ್ರಿಯೇಟರ💛❤️
KA25
🪄Believer's soul🙌
Work 📩 sanjanamutturaj27@gmail.com",0,0,False
70127723985,santoshi_1_5_0_5,"Fashion | Lifestyle | Self-care  
✨ Be confident. Be you.  
📩 Collab | DM
📍 Siliguri.",132,10,False
79640541386,satika.boutique,"Everyday wear, elevated ✨
Comfort | Style | Quality | All India delivery 🇮🇳
DM to order 📩",149,73,False
51671107305,satyam0.02,"ᴀs ᴀ ᴍᴀɴ , ʏᴏᴜ ɴᴇᴇᴅ ᴘʀᴏʙʟᴇᴍs ᴀɴᴅ ᴘᴀɪɴ ᴛᴏ ɢʀᴏᴡ! :-(:-)
#𝙋𝙧𝙤𝙪𝙙𝙄𝙣𝙙𝙞𝙖𝙣🇮🇳",228,45,False
79897431725,sawbhagya_ethnic,"SawBhagya ✨ | Hyderabad
Sarees | Kurtis | Blouses
Style that Celebrates You 💃
DM to shop 🛍️",109,66,False
4136561431,sensocreation,"We at Senso, are the curators of timeless & iconic attires epitomising Indian elegance at it’s best.",6222,1402,False
6830347528,sexappeal_abbigliamento,"Abbigliamento Uomo Donna & Curvy
Fai della tua identità un fascino da Indossare ✨
📦Spedizioni 24/48 h in tutta italia.
scrivici su Whatsapp👇3493132510",7804,8977,False
582731213,sharonwarten,"✞ Building Effortless Elevated Wardrobes
Never think about what to wear again
Apply Private Styling
Browse Edit↓
Seen📸 @instylemagazine @thezoereport",7465,273,False
80106528891,shavizz_1,"16+🥂
02/05🥳
SAGCK
💙🩵💛
#hokey 
city;kandy
everything is family 🥺🫂",68,1,False
64757181589,shinaraa_official,Redefining modern elegance & functionality with bio-engineered fabrics.  No synthetics. No plastic.,2351,300,True
2217680283,shoesnmoreinc,"Greenwich•New Canaan•Darien•Westport,CT
Rye•Bronxville•Mt Kisco,NY
Delray Beach • Boca Raton • Palm Beach • Jupiter • Palm Beach Gardens • Naples, FL",6808,3464,False
50588366736,shopimist,Shopimist | Affordable Fashion for the Whole Family | Free Shipping,15,1751,False
3256943491,shoplyn_store,"Trendy styles that boost your confidence
Latest styles for  Men &Women
Style That Fits ✨
📍Mwananyamala, Dar es Salaam
📞 0782303108
Daily open Mon-Sun✨",6205,56,False
77444043840,shoppedbykp,"🛍️ Personal Shopper & Style Curator
👟 Mom of 3 | Runner | Coffee Lover
Helping busy women feel effortlessly stylish 🤍
📩 DM to work together",228,80,False
245372415,shopruthiegrace,"✨ Shop Spring Essentials
👯‍♀️Owned by a MOM @taragraceaustin
New arrivals every Thursday, 10AM 
🛍 Local shoppers: 20165 Eva Street Suite D",196425,16075,True
10460091297,shopsassandsoul,"💫Effortless & Eclectic Style💫
Size inclusive! Love your body! XS-3XL",1399,1254,False
,shoptheasthetic,,0,0,False
37851839160,shubaarambhasilks,"Trust ,Tradition, Quality",108,228,False
53109130687,sigmageminina,"♟️🐺♊ Non aggiungo profili falsi e non aggiungo tutti.
🏠🇬🇪📍🇮🇹
""Non è il riflesso che ti rende regina👑 È la scelta di non perdere te stessa💎""",367,301,False
5511267276,silksbazaar,"Stop guessing. Start knowing.
AI-powered color matching for Bengaluru Silk Crepe Sarees.
Your perfect shade is waiting 🎯
💎 Premium • Personalized",40,4,False
80220652455,simplyherorg,"✨ effortless style for everyday living
👗 fashion • beauty • modern home
⌚ smart lifestyle picks for women
🔗 simplyher.org",976,64,False
34570252340,skyopinion,"कुछ बातें, कुछ अल्फ़ाज़
कुछ किस्से, कुछ कहानियां
★Quotes★Shayari★Thoughts
★Motivational Lines",2325,30,False
80041939043,smilefromjapan2026,"Smile From JaPan 🌸
Small joys from everyday Japan 🇯🇵✈️
Worldwide shipping 🌍
⬇️ Shop here",523,70,False
3954268364,snipets_of_life_n_travel,"Fashion | lifestyle | travel
Dentist 
Dm for paid shoots /collabs
📍India Pune / Kerala",0,0,False
38478594099,sofi.glam_oficial,,2,1,False
202229330,sofikaram,"📍Living in San Francisco/Bay Area + Miami 
Contact: mgmtsofikaram@gmail.com",40041,1528,True
63711272859,solo_basic_jewelry,"Постійні оновлення , капсульні луки ☺️
Срібло 925",4294,250,False
49579774712,soloquiabbigliamento,"👗 Negozio di abbigliamento donna 
📍 Piazza Marconi 6, 20067 Paullo MI
📞 0290633191 
NUOVO PROFILO, a presto tante NOVITÀ 🤍",310,230,False
80046300171,spideyy__404,"404 — Not found anywhere else😋  
Premium Thrift & Streetwear🧃
Limited drops | Picked, Not stocked.                                    Chennai,TN📍",48,16,False
3474776083,sshin_style,"#sshin_style #인스타그램
#fashionmodel #model 
#beatytip #kbeauty 
#인플루언서 #모델 #배우 #패션모델  
전문 #피부관리사 #도배자격증 보유 😅",32574,2175,True
66918615065,stepniewski.paski,"🦁 STĘPNIEWSKI
Skórzane paski premium
🔥 Ręczna selekcja jakości
📦 Wysyłka 24h
👇 Zamów teraz
☎️696-606-116
      533-077-779",208,71,False
1415133917,stessa_woman,Marca feminina orientada para uma Mulher cosmopolita e exigente. Assente nos detalhes e qualidade das matérias associado ao design de cada peça.,1680,1711,False
77600550410,stillfunfashion,"Still Fun Fashion ✨
Fabulous clothing that never goes out of style
New • Pre-Loved • Vintage
Shop my closet ⬇️",2,5,False
73831624449,style_by_amelie,"Digital creator
Fashion stylist providing outfit ideas",1084,277,False
75031492271,styleadda_07,"Men’s Fashion | Minimal Fits 👕
Budget Looks Under ₹499 🔥
Style That Speaks 💫
👇 Shop Links in Comments",115,29,False
74043157561,stylecassette,"Digital Creator
Brisbane | Australia",41,68,False
79849904066,styled.with.chichi,"Personal stylist 
✨Styling made simple 
Elevated everyday style 🥰
Intentional style • Outfit balance 
📩 Contact for styling inquiries ⬇️",74,16,False
77337001210,styled_bysophiaval,Fashion stylist based in Chicago/Bay Area 👠,122,21,False
837544041,styleencorestuart,"🥇Resale Boutique on Treasure Coast Always Authentic, Quality & Value
📦 We Ship, visit our website styleencorestuart.com or 
call 772-288-3212",29687,130408,True
75575487207,stylefitzzz,"Fashion & Lifestyle ⚜️
Daily Outfits Ideas for Men
⬇️ Follow for amazing grabs",30082,456,False
47701243923,stylehub0fficial,"Your daily dose of fashion inspo!
New Fashion Trends, Outfit Ideas
& tips to help elevate your look.",4,7,False
80339047255,stylehub_khori,"✨Your Daily Style Dose
👗Curated Fashion & Lifetime Essentials
💸 Trendy Looks at Unbeatable Prices
💖 Quality Guaranteed
📥DM to Order or Enquiry",21,30,False
75934997397,stylenglow_03,"Feel trendy. Feel authentic ✨
Custom made outfits 👗
DM for your Customisation 😊
Appointment @9047263608/@9500615797",95,78,False
46110139209,stylish_arman_malik276,"Girl🧕, my brother, the girl 🧕is not happy, the money 💵is burning, that's why I say brother, earn so much money💵, girl, will the girl 😍and mother",10280,28,False
77868189520,suitiquedesigns,"Premium Unstitched & Designer Suits ✨  
✨ Elegant | Festive | Everyday Wear  
📦 Pan India Shipping  
📩 DM to Order / WhatsApp  
👇 Shop Now",782,179,False
76047186793,surkhsyahi_india,"Indo-Western elegance for the modern woman.
Where tradition drapes in contemporary silhouettes.
Handcrafted | Made in Bharat | Timeless
Shop Now ⬇️",2548,260,True
66496734724,suwa_shti,"Trust the process🍂
🦋Aari work Designs
🤩cheap and best
📍Tirunelveli
🗨️Dm for More Details
Account managed by👇🏻
@div_ya_ravi",163,17,False
211722412,tailors_square,"A Small Business focusing on affordable fashions and accessories for women with some fun gift ideas sprinkled in. 
Shop@tailorssquare.com",474,7284,False
11426644989,tailorsgroomingbenelux,"💈 Tailormade Haircare & Styling…
MADE FOR REAL MEN 💈",688,813,False
45178013858,tania__furs,"Handmade natural fur accessories 👜
Made with love 💓 
Wrap your home in warmth with our luxurious fur decor",90,7,False
79739240225,tanshva,"Ethnic • Indo-Western • Everyday
Effortless styles for every woman
📦 Pan-India Delivery 
👇 Shop Now",44,11,False
46635949908,teehaus.co.in,"Premium Oversized Tees 🔥  
Minimal | Aesthetic | Streetwear  
🚚 PAN India Delivery  
💰 COD Available  
👇 Shop Now",12,3,False
69730957184,the.silvershift,"Find the positive in any situation no matter how challenging.
🩶Embracing the gray 
since 2020🩶",28,13,False
42169148977,theglamslayer_21,"Fashion | Makeup | Lifestyle | Sharing style, beauty & daily aesthetic 
📩Collaboration: DM",70,5,False
79902921796,thenataliahale,"Natalia Hale · 24
Minimal. Feminine. Intentional.
✨ Beauty & lifestyle
📍 Miami",0,0,False
61248942479,thesourcedworld,"Pre-Loved & Authentic Finds.
Sourced Globe | Worldwide🌏 
Flexible Pay 💸| Easy Refund
Not affiliated with any brand
Info@thesourcedworld.com
#DubaiHQ",89,235,False
66249580979,thetwopiece.store,"Made-to-order two piece sets & co-ords
Inclusive and versatile pieces
Handmade in Abuja .Designed for ease
5–7 working days .Worldwide shipping 🌍",426,87,True
7102602443,thevintageclubclothing,"The BEST in Team, Branded, and Classic vintage apparel. 
— $5 worldwide shipping
— 1,000s of items online now
— Unmatched quality",13531,3848,True
1470348730,thewardrobeandmore,"the wardrobe & more 
est. 2015 
a mindfully curated concept shop 
3098 fuller street . coconut grove
store hours: tues - sat 11-6",6752,2479,False
63934094305,third_eye_ties_apparel,Colorado collective artist,53,132,False
53678233977,threadvora.in,"Anime Embroidery Streetwear
Premium Quality 
Oversized Tees • Polos • Hoodies
Wear Your Vibe ↓",52,7,False
78964641360,three.little.thrifters,"Curated Affordable Fashion 
Thrifted. Trendy. Thoughtfully chosen✨
No COD/Return/Refund
Shipping pan-India",225,54,False
47809883890,thrift_jaipur,"Retail and wholesale 
 Thrift | Jaipur 📍
Affordable • Trendy • 
No Cod, No exchange 
📦 Shipping All Over India
📲 WhatsApp Orders: 8769732225",2819,24,False
58227012852,thriftby_eo,"BN: 6896830 
Chic Thrift for Work Queens
Washed&Ready
Ships Monday/Stockpile:2 weeks
Online store- uk size
Backup:@thriftbyeo_backup
Run by @mz_niola",3849,3780,True
35211654937,thriftbygigi.ng,"🌹BUDGET FRIENDLY WARDROBE ESSENTIALS🥰
🌹PREMIUM THRIFT AND NEW OUFITS
🌹We post on Mondays,Wed &Fridays
🌹Deliveries: Wednesday & Saturdays
WhatsApp 👇🏻",12698,35289,False
42535025690,thrifty11.11,"✨ Thrifty_11:11  
Preloved • Reimagined • ReSlayed  
Make a wish & grab your fit 💫
No COD | No return | No exchange
Pan India Shipping 
DM to order",20,8,False
43301488066,thryft.tab,"Drip Doesn’t Need to Be Expensive 🧊
Vintage & Streetwear Finds
First Come First Serve ⚡
opening 🔜!!",10,2,False
31911281,tjitsker,"28 y/o Dutch girl sharing her daily fashion, travel & lifestyle diary
🩷🦋🌼🍓🐝🌿
💌 Let's collab! DM or tjitske_rutten@outlook.com",22667,591,False
65233986458,trendum.in,"🎯Where Trends Meet Authenticity 
🍁 Style with Pupose | Made for you 
📩 DM for enquiries  | 🛍 New Drops Weekly",2362,106,False
41309830279,trendy._.closet_,"Fashion • Outfit Ideas • Trends
Daily Style Inspiration
Best Budget Fashion Finds
Shop here 👇",5,20,False
62180616777,trendy__khajaana,"👕Helping men look premium on a budget
🔥Daily deals under ₹999 | Trusted by 170K+
📦Tap below for exclusive offers & channel access👇",170026,427,False
39436051196,trendy_carthub.in,"✨ Viral & Useful Products  
💥 Affordable Price + Best Quality  
📦 All India Delivery Available  
💰 Pay After Delivery (COD)  
📩 Order via DM",13,7,False
79876919612,trendy_sunglasses_2026,"✨ Style that speaks before you do
🕶️ Trendy Sunglasses | Smart Glasses
💎 Quality • Style
🌍 For Men & Women
📩 DM for deals | Click links below",100,289,False
6008095591,trinityladiesandmensfashion,,593,1172,False
3187418800,trisha.ananya_,"📍vtz
bits and pieces of my own little universe .𖥔 ݁˖ִ ࣪⚝₊ ⊹˚
💌: trishanuthigattu@gmail.com
.
.
.
.
✨",844,32,False
33422395734,tuimagendice,"📲 Asesoría online. Sesiones 1:1
🎯 Te ayudo a proyectar una imagen coherente
👗 Colorimetría • Estilo • Morfología •Looks
⬇️ Reserva tu asesoría!",132147,1149,True
5658242532,tyson_raza,"𝙁𝘼𝙎𝙃𝙄𝙊𝙉 𝙀𝙉𝙏𝙃𝙐𝙎𝙄𝘼𝙎𝙏/𝙇𝙄𝙁𝙀𝙎𝙏𝙔𝙇𝙀
📩 :-tysonraza786920@gmail.com",43581,451,False
67125501316,ubwolf_official_,"FASHION | STYLE | QUALITY | 100% INDIAN🇮🇳 PRODUCT | EXCLUSIVELY SELLING ON | AMAZONE | FLIPKART | SNAPDEAL | MEESHO |
FOR ORDER-07096055550",7194,297,False
38472842435,umer.toru,Home Decor.Imported items.Thrift items New/preloved Items Advance payment Cod available for same city .Delivery All over Pakistan.,1,21,False
42365038558,unbanthrift.in,"Unban Thrift ⚡
Wear what vibes with your mood
🚫 Unbanning your style limits
✨ Reliving
Shipping all over India | DM to order
founder-@theyluv._ranjan",71,9,False
80064153865,v2trendy_official,"👗 V2 Trendy — Stylish Fashion Store
✨ Trendy Dresses & Modern Collections
📲 89258 74407
🌐 v2trendy.com
📩 dm.vinsquare@gmail.com
📍 Madurai, Tamil",287,48,False
48583003931,valeryramirez2005,,34,8,False
36001528,vanilace,"🌎 MD MBA | Medtech marketing by day, style & travel by heart
📸 Digital creator: fashion & destinations
📍 Boston
✨ Work hard, travel well, dress better",104275,2151,True
2998431841,venicetailors,#menswear#ladieswear#snazzysuits#classydresses#dressforsuccess#fromcasualtodresswesellthebest,362,1045,False
79928675463,vestiaireiq,"Effortless capsule outfits for busy moms
Smart pieces. Real budgets.
Less scrolling. Better outfits.
↓ Shop the curated edit",205,32,False
80365417309,vibeontees_,"Your daily dose of vibes 👕✨
Printed to match your mood
POD | DM to order 📩
Pan India Delivery 🇮🇳
Managed by @foodiesoul_kunal 🫶",7,21,False
60360706360,vidhirajput_3113,"👸 Simple princess. 👸
👑 I am a simple queen. 👑
👑 I am a queen but I am simple. 👑
💃 I am simply fabulous. 💃",1517,503,False
67115306959,viggomaximilian_,"Fitness | Modeling | Travel | MMA
@gustavogranadosmgmt",113,46,False
2959709959,vocorujinha,"“Estilo que cresce com você”
⏳Mais de 10 anos vestindo sonhos
🏆Melhor loja infantil de Pinhais
Descubra a Moda Que Cresce com você
Visite-nos Hoje
👇🏻",5234,449,False
347459125,von_maur,"✨  154 Years of Service & Style
🕰️  Family-owned since 1872
📍  39 locations & counting
⤵️  Shop the looks from our feed",33664,4146,True
1415737380,vritika_collection,"Since 2014. Based in Malaysia.
Premium Collection Reasonable Price. 
🛍 𝐃𝐌 𝐮𝐬 𝐨𝐫 𝐖𝐡𝐚𝐭𝐬𝐀𝐩𝐩 👇",7781,20660,False
39916958746,vweartheelegance,,4,28,False
4368323439,werazb,"lodz, poland                                                         
✉️werazebrowskapr@gmail.com",8894,33,False
4005945428,west_end_roma,"🌟I migliori #brand 🌟
📍Roma, via di Torrevecchia 84
📦#spedizioni 24 ore Italia 
📞Assistenza whatsapp 3444362081",2315,808,False
550633926,wwiiiillllllll,"new york city
men’s fashion & lifestyle 
✉️will@hillermediagroup.com",5593,200,False
40427889643,yaraesoftwear,"You'd like to dress modestly but still elegantly ?
Sets, suits and long dresses are provided 🤍
Also adapted to tall women 🤍
Soft pastel colors 🤍",43,5,False
24837091291,your_mithu_09,"Simple girl😊😊
January Queen👸👑
#music lover❤
#traveling lover❤
🌏Landed on tha earth 14 January 🌸",907,286,False
39966893720,zayra_no.va,"✨ Living between Miami & Rio
🌴 Soft life | Beauty | Energy
💫 Become your best version
📩 Collab DM",0,2,False
1489137273,zeelclothing,"👉Premium Quality at Best Price
👉Customize Stitching facilities
👉COD Available
👉Shipping Worldwide
👇To Place ur order Click here",54932,1181,True
76845555700,zeray.jewels,"💌DM for orders or visit our store at⬇️
📍115 High Street, Stow Bazaar, E17 7DB
🖤Affordable luxury jewellery 
💧Premium stainless steel",1270,172,False
3027361634,zonke_ntelezi,"UFH Alumnus 👩‍🎓| An Educator 👩‍🏫
East London❤️
Using today's brokenness to heal the next generation❤",3499,56,False
76493728061,zynkrr_,Farm to Fashion | Made in India 🇮🇳,0,0,False
